Restaurant_id,hours_open_sunday,hours_open_monday,hours_open_tuesday,hours_open_wednesday,hours_open_thursday,hours_open_friday,hours_open_saturday,hours_close_sunday,hours_close_monday,hours_close_tuesday,hours_close_wednesday,hours_close_thursday,hours_close_friday,hours_close_saturday
mad-taco-college-station,1100,1100,1100,1100,1100,1100,1100,2200,2200,2200,2200,2200,2200,2200
napa-flats-wood-fired-kitchen-college-station-college-station,1100,1100,1100,1100,1100,1100,1100,2200,2200,2200,2200,2300,2300,2100
555-grill-college-station-2,,1700,1700,1700,1700,1700,1700,,2200,2200,2200,2200,2200,2200
the-republic-college-station,1700,1700,1700,1700,1700,1700,,2200,2200,2200,2200,2200,2200,
mickeys-sliders-college-station,,1100,1100,1100,1100,1100,1100,,2100,2100,2100,2200,2200,1700
twisted-noodle-cafe-college-station,1000,1000,1000,1000,1000,1000,1100,2130,2130,2130,2130,2130,2130,2100
shun-de-mom-express-college-station-6,,1030,1030,1030,1030,1030,1030,,2100,2100,2100,2100,2100,2100
ohana-korean-grill-college-station,1700,1700,1700,1700,1700,1700,,2100,2100,2100,2100,2130,2130,
first-watch-breakfast-brunch-and-lunch-college-station,0700,0700,0700,0700,0700,0700,0700,1430,1430,1430,1430,1430,1430,1430
grub-burger-bar-college-station,1100,1100,1100,1100,1100,1100,1100,2200,2200,2200,2200,2200,2200,2200
veritas-wine-and-bistro-college-station,1100,1100,1100,1100,1100,1100,1730,2130,2130,2130,2130,2200,2200,2130
fuego-tortilla-grill-college-station,0000,0600,0000,0000,0000,0000,0000,0400,0000,0000,0000,0000,0000,0000
canteen-bar-and-grill-college-station,1600,1600,1600,1600,1200,1200,1600,0000,0000,0000,0000,0200,0200,0000
the-west-end-elixir-company-college-station,1500,1500,1500,1500,1500,1500,1500,0200,0200,0200,0200,0200,0200,0200
40-tempura-japanese-fusion-grill-college-station,1700,1700,1700,1700,1700,1700,,2200,2200,2200,2200,2200,2200,
ye-star-chinese-buffet-college-station,1100,1100,1100,1100,1100,1100,1100,2130,2130,2130,2130,2200,2200,2130
shiraz-shish-kabob-college-station,1100,1100,1100,1100,1100,1100,1100,2200,2200,2200,2200,2200,2200,2200
yummi-yummi-mongolian-grill-and-sushi-college-station,1100,1100,1100,1100,1100,1100,1100,2200,2200,2200,2200,2300,2300,2200
urban-bricks-pizza-college-station,1100,1100,1100,1100,1100,1100,1100,2200,2200,2200,2200,0000,0000,2200
koppe-bridge-bar-and-grill-college-station,1100,1100,1100,1100,1100,1100,1100,2100,2100,2100,2100,2200,2200,1600
harvey-washbangers-college-station,1100,1100,1100,1100,1100,1100,1100,2200,2200,2200,2200,2300,2300,2200
taz-indian-cuisine-college-station,1700,1700,1700,1700,1700,1700,1700,2130,2130,2130,2130,2200,2200,2130
fish-daddys-seafood-grill-college-station,1100,1100,1100,1100,1100,1100,1100,2200,2200,2200,2200,2300,2300,2200
hopdoddy-burger-bar-college-station,1100,1100,1100,1100,1100,1100,1100,2200,2200,2200,0000,0000,0015,2200
torchys-tacos-college-station,0700,0700,0700,0700,0700,0800,0800,2200,2200,2200,2200,2300,2300,2200
bbq-13-0-college-station,1700,1700,1700,1700,1700,1700,1700,2200,2200,2200,0300,0300,0300,2200
razzoos-cajun-cafe-college-station,1100,1100,1100,1100,1100,1100,1100,2300,2300,2300,2300,0000,0000,2300
cenare-italian-restaurant-college-station,1700,1700,1700,1700,1700,1100,,2130,2130,2130,2130,2200,2200,
centro-american-restaurant-and-pupuseria-college-station,1030,1030,1030,1030,1030,1030,1030,2200,2200,2200,2200,2200,2200,2200
paolos-italian-kitchen-college-station-3,1700,1700,1700,1700,1700,1700,,2130,2130,2130,2130,2130,2130,
yangtuo-club-college-station-3,,1700,1700,1700,1700,1100,1100,,2200,2200,2200,2200,2200,2200
aji-sushi-college-station,1100,1100,1100,1100,1100,1100,1100,2200,2200,2200,2200,2200,2200,2200
laynes-of-college-station-college-station,1030,1030,1030,1030,1030,1030,1030,2230,2230,2230,0000,0000,0000,2230
fusion-peru-college-station,1100,1100,1100,1100,1100,1100,,2200,2200,2200,2200,2200,2200,
dixie-chicken-college-station,1100,1100,1100,1100,1100,1100,1100,0200,0200,0200,0200,0200,0200,0200
mong-chon-korean-take-out-college-station,1100,1100,1100,1100,1100,1100,,2100,2100,2100,2100,2100,2100,
blue-baker-college-station-2,0700,0700,0700,0700,0700,0700,0700,2200,2200,2200,2200,2200,2200,2200
luigis-patio-ristorante-college-station,,1730,1730,1730,1730,1730,1730,,2100,2100,2100,2200,2200,2100
pin-toh-thai-cafe-bryan,1700,1700,1700,1700,1700,,,2100,2100,2100,2100,2100,,
kolache-rolfs-college-station-4,0600,0600,0600,0600,0600,0700,0700,1400,1400,1400,1400,1400,1230,1230
hes-cafe-college-station,1100,1100,1100,1100,1100,1100,1100,2200,2200,2200,2200,2200,2200,2200
babes-doughnut-and-coffee-shop-bryan,0700,0700,0700,0700,0700,0700,0700,1800,1800,1800,1800,1800,1600,1600
zoës-kitchen-college-station,1100,1100,1100,1100,1100,1100,1100,2100,2100,2100,2100,2100,2100,2100
blaze-fast-fired-pizza-college-station,1045,1045,1045,1045,1045,1045,1045,2230,2230,2230,2230,2330,2330,2230
christophers-world-grille-bryan,1700,1700,1700,1700,1700,1700,1700,2100,2100,2100,2100,2200,2200,2100
si-senor-mexican-grill-college-station,1830,1900,1830,1900,1900,1900,,2200,0200,2200,0200,0200,0200,
world-of-beer-college-station-2,1500,1500,1500,1500,1100,1100,1100,0000,0000,0000,0000,0200,0200,2300
wokamole-healthy-cuisine-bryan,1000,1000,1000,1000,1000,1000,,2200,2200,2200,2200,2200,2200,
cheddars-scratch-kitchen-college-station,1100,1100,1100,1100,1100,1100,1100,2200,2200,2200,2200,2300,2300,2200
tacobar-college-station-2,0700,0700,0700,0700,0700,0830,0830,2100,2100,2100,2100,0330,0330,2030
texas-roadhouse-college-station,1500,1500,1500,1500,1100,1100,1100,2200,2200,2200,2200,2300,2300,2300
bjs-restaurant-and-brewhouse-college-station-2,1100,1100,1100,1100,1100,1100,1100,0000,0000,0000,0000,0100,0100,0000
saltgrass-steak-house-college-station-3,1100,1100,1100,1100,1100,1100,1100,2130,2130,2130,2130,2230,2230,2130
rudys-country-store-and-bar-b-q-college-station,0700,0700,0700,0700,0700,0700,0700,2130,2130,2130,2130,2200,2200,2130
chois-restaurant-college-station-3,1100,1100,1100,1100,1100,1100,,2100,2100,2100,2100,2130,2130,
time-for-thai-bryan-3,1700,1700,1700,1700,1700,1700,,2100,2100,2100,2100,2100,2100,
chuys-college-station-2,1100,1100,1100,1100,1100,1100,1100,2200,2200,2200,2200,2300,2300,2200
azure-fusion-bistro-and-sake-college-station,1100,1100,1100,1100,1100,1200,1200,2300,2300,2300,2300,0000,2200,2200
pollys-cocina-college-station-2,0700,0700,0700,0700,0700,0700,0700,2100,2100,2100,2100,2100,2100,1500
gumbys-pizza-college-station,1600,1600,1600,1600,1600,1100,1100,0300,0300,0300,0300,0300,0300,0300
amico-nave-ristorante-bryan-2,1100,1100,1100,1100,1100,1700,,2200,2200,2200,2200,2200,2200,
bell-ranch-steakhouse-college-station,0600,0600,0600,0600,0600,0600,0600,2300,2300,2300,2300,2300,2300,2300
willies-grill-and-icehouse-college-station,1100,1100,1100,1100,1100,1100,1100,2200,2200,2200,2200,2300,2300,2130
smitty-ks-college-station,,1100,1100,1100,1100,1100,1100,,2100,2100,0000,0000,0000,2100
chef-tais-mobile-bistro-college-station-6,1100,1100,1100,1100,1100,,,1330,1330,1330,1330,1330,,
naked-fish-college-station,1100,1100,1100,1100,1100,1130,1130,2200,2200,2200,0000,2300,2300,2200
pita-pit-college-station-2,1030,1030,1030,1030,1030,1030,1030,2200,2200,2200,2200,2200,2200,2200
blue-baker-college-station,0700,0700,0700,0700,0700,0700,0700,2200,2200,2200,2200,2200,2200,2200
abuelos-college-station,1100,1100,1100,1100,1100,1100,1100,2200,2200,2200,2200,2300,2300,2200
wings-n-more-college-station-2,1100,1100,1100,1100,1100,1100,1100,2200,2200,2200,2200,2300,2300,2200
wayback-burgers-college-station-2,1030,1030,1030,1030,1030,1030,1030,2200,2200,2200,2200,2200,2200,2100
ozona-grill-and-bar-college-station,1100,1100,1100,1100,1100,0800,0800,0200,0200,0200,0200,0200,0200,0000
lamar-and-nikis-pit-bbq-and-soul-food-bryan,,1100,1100,1100,1100,1100,,,1600,1600,1600,1800,1600,
shun-de-mom-college-station,1100,1100,1100,1100,1100,,1100,2130,2130,2130,2130,2130,,2130
jasons-deli-college-station,1000,1000,1000,1000,1000,1000,1000,2200,2200,2200,2200,2200,2200,2200
maddens-casual-gourmet-bryan,1100,1100,1100,1100,1100,1100,,1400,1400,1400,2100,2100,2100,
zands-persian-kebabs-bryan,1100,1100,1100,1100,1100,1100,,2130,2130,2130,2130,2130,2130,
kluay-kluay-thai-restaurant-bryan-2,1100,1100,1100,1100,1100,1100,,2200,2200,2200,2200,2200,2200,
atami-steak-and-sushi-college-station,1630,1630,1630,1630,1630,1200,1200,2200,2200,2200,2200,2300,2300,2200
rosies-pho-college-station,1000,1000,1000,1000,1000,1000,1100,2130,2130,2130,2130,2200,2200,2130
newks-eatery-college-station,1100,1100,1100,1100,1100,1100,1100,2100,2100,2100,2100,2100,2100,2100
raising-canes-chicken-fingers-college-station,1000,1000,1000,1000,1000,1000,1000,0000,0000,0000,0000,0100,0100,0000
rosas-cafe-and-tortilla-factory-college-station,1030,1030,1030,1030,1030,1030,1030,2300,2300,2300,2300,0000,0000,2300
vys-kitchen-asian-cuisine-college-station,1030,1030,1030,1030,1030,1030,1030,2200,2200,2200,2200,2300,2300,2200
cafe-eccell-bryan,1100,1100,1100,1100,1100,1100,1100,2200,2200,2200,2200,2300,2300,2200
burger-house-bryan,1030,1030,1030,1030,1030,1030,,2100,2100,2100,2100,2100,2100,
jesses-taqueria-and-bakery-bryan,0600,0600,0600,0600,0600,0600,,1400,1400,1400,1400,1400,1300,
campfire-restaurant-bryan,0630,0630,0630,0630,0630,0630,0630,2200,2200,2200,2200,2200,2200,2200
cotton-patch-cafe-college-station,1100,1100,1100,1100,1100,1100,1030,2130,2130,2130,2130,2200,2200,2100
wings-n-more-restaurant-and-bar-college-station-2,1100,1100,1100,1100,1100,1100,1100,2200,2200,2200,2200,2300,2300,2200
t-jin-china-diner-college-station,1100,1100,1100,1100,1100,1100,1100,2200,2200,2200,2200,2230,2230,2200
master-yakiniku-korean-and-japanese-bbq-bryan,,1100,1100,1100,1100,1100,1100,,2230,2230,2230,2230,2230,2230
zaxbys-chicken-fingers-and-buffalo-wings-college-station,1030,1030,1030,1030,1030,1030,1030,2200,2200,2200,2200,2200,2200,2200
the-backyard-college-station,,1600,1600,1600,1200,1200,1200,,0200,0200,0200,0200,0200,0200
carneys-pub-and-grill-bryan,1500,1500,1500,1500,1500,1500,1500,0200,0200,0200,0200,0200,0200,2200
fuzzys-taco-shop-college-station,0700,0700,0700,0700,0700,0700,0700,2200,2200,2200,2200,2200,2200,2200
lupe-tortilla-college-station,1715,1715,1715,1715,1100,1100,1100,2100,2100,2100,2100,2200,2200,2100
the-remnant-from-nawlins-bryan,1100,1100,1100,1100,1100,1100,,2000,2000,2000,2000,2100,2100,
mooyah-burgers-fries-and-shakes-college-station,1100,1100,1100,1100,1100,1100,1100,2200,2200,2200,2200,2200,2200,2200
chick-fil-a-college-station,0630,0630,0630,0630,0630,0630,,2300,2300,2300,2300,2300,2300,
c-and-j-barbeque-aggieland-store-college-station,1030,1030,1030,1030,1030,1030,1100,2100,2100,2100,2100,2100,2100,1500
proudest-monkey-bryan,1100,1100,1100,1100,1100,1100,1100,2300,2300,2300,0200,0200,0200,2300
c-and-j-barbeque-the-original-store-college-station,1030,1030,1030,1030,1030,1030,1100,2030,2030,2030,2030,2100,2100,0300
chimys-cerveceria-college-station,1100,1100,1100,1100,1100,1100,,0000,0000,0000,0000,0000,0000,
fireside-cafe-and-bar-college-station,0600,0600,0600,0600,0600,0700,0700,2300,2300,2300,2300,2300,2300,2300
the-corner-bar-and-rooftop-grill-college-station,1100,1100,1100,1100,1100,1100,1200,0200,0200,0200,0200,0200,0200,0200
feed-barn-bryan,,1100,1100,1100,1100,1100,,,2100,2100,2100,2100,2100,
salata-college-station,1030,1030,1030,1030,1030,1030,1100,2100,2100,2100,2100,2200,2200,2100
genghis-grill-college-station,1100,1100,1100,1100,1100,1100,1100,2200,2200,2200,2200,2300,2300,2200
johnny-carinos-college-station,1100,1100,1100,1100,1100,1100,1100,2200,2200,2200,2200,2300,2300,2200
mcalisters-deli-college-station,1030,1030,1030,1030,1030,1030,1030,2200,2200,2200,2200,2230,2230,2200
applebees-college-station,1030,1030,1030,1030,1030,1030,1030,0200,0200,0200,0200,0200,0200,0200
potato-shack-northgate-college-station,0900,0900,0900,0900,0900,0900,0900,2200,2200,2200,2200,2200,2200,2200
koppe-bridge-bar-and-grill-college-station-2,1100,1100,1100,1100,1100,1100,1100,2100,2100,2100,2100,2200,2200,1600
laynes-chicken-fingers-college-station,1030,1030,1030,1030,1030,1030,1030,2200,2200,2200,2200,2300,2300,2200
buffalo-wild-wings-college-station,1100,1100,1100,1100,1100,1100,1100,0100,0100,0100,0100,0200,0200,0000
tx-burger-college-station-3,1030,1030,1030,1030,1030,1030,1030,2200,2200,2200,2200,2200,2200,2200
potbelly-sandwich-shop-college-station,1000,1000,1000,1000,1000,1100,1100,2200,2200,1900,2200,2200,2200,2200
shipwreck-grill-bryan,1100,1100,1100,1100,1100,1100,1100,2200,2200,2200,2200,2200,2200,2100
panera-bread-college-station-3,0600,0600,0600,0600,0600,0700,0700,2200,2200,2200,2200,2200,2200,2100
c-and-c-asian-garden-college-station,1100,1100,1100,1100,1100,1100,1100,2200,2200,2200,2200,2230,2230,2200
blue-baker-college-station-3,0630,0630,0630,0630,0630,0630,0630,2200,2200,2200,2200,2200,2200,2200
bavarian-brauhaus-bryan-2,1700,1700,1700,1700,1700,1700,,2030,2030,2030,2200,2200,2200,
kolache-rolfs-college-station,0600,0600,0600,,,0600,0600,1330,1330,1330,,,1330,1330
pei-wei-college-station-2,1100,1100,1100,1100,1100,1100,1100,2100,2100,2100,2100,2200,2200,2100
fox-and-hound-college-station,1100,1100,1100,1100,1100,1100,1100,0200,0200,0200,0200,0200,0200,0200
whataburger-college-station-2,0000,0000,0000,0000,0000,0000,0000,0000,0000,0000,0000,0000,0000,0000
mollys-magnificent-creamery-and-eatery-bryan-2,1100,1100,1100,1730,1730,1730,,1400,1400,1400,2030,2030,2030,
the-village-cafe-bryan,0700,0700,0700,0700,0700,0700,0700,1700,1700,0000,2200,2200,0200,1700
ihop-college-station,0000,0000,0000,0000,0000,0000,0000,0000,0000,0000,0000,0000,0000,0000
mr-gs-pizzeria-college-station,1700,1700,1700,1700,1700,1700,,2100,2100,2100,2100,2200,2200,
los-cucos-mexican-cafe-college-station-college-station-2,1100,1100,1100,1100,1100,1100,1100,2200,2200,2200,2200,2300,2300,2200
ninfas-mexican-restaurant-college-station-2,1100,1100,1100,1100,1100,1100,1100,2200,2200,2200,2200,2300,2300,2130
rx-pizza-and-bar-bryan,1100,1100,1100,1100,1100,1100,1000,2300,2300,2300,0000,0200,0200,2300
chef-caos-college-station,1100,1100,1100,1100,1100,1100,1100,2200,2200,2200,2200,2230,2230,2200
chipotle-mexican-grill-college-station,1045,1045,1045,1045,1045,1045,1045,2200,2200,2200,2200,2200,2200,2200
kamei-sushi-and-grill-college-station,1100,1100,1100,1100,1100,1130,1130,2100,2100,2100,2100,2130,2130,2100
freebirds-world-burrito-college-station-2,1030,1030,1030,1030,1030,1030,1030,1800,1800,1800,1800,1800,1800,1800
on-the-border-mexican-grill-and-cantina-college-station-4,1100,1100,1100,1100,1100,1100,1100,2300,2300,2300,2300,2300,2300,2300
marcos-pizza-college-station,1100,1100,1100,1100,1100,1100,1100,2300,2300,2300,2300,0000,0000,2200
kolache-rolfs-college-station-3,0600,0600,0600,0600,0600,0700,0700,1400,1400,1400,1400,1400,1230,1230
fat-burger-grill-college-station,1100,1100,1100,1100,1100,1100,1100,0000,0000,0000,0000,0000,0000,0000
freddys-frozen-custard-and-steakburgers-college-station,1030,1030,1030,1030,1030,1030,1030,2200,2200,2200,2200,2300,2300,2200
wingstop-college-station,1100,1100,1100,1100,1100,1100,1100,0000,0000,0000,0000,0000,0000,0000
lime-fresh-mexican-grill-college-station,1100,1100,1100,1100,1100,1100,,2100,2100,2100,2100,2100,1900,
chef-caos-college-station-4,1100,1100,1100,1100,1100,1100,1100,2200,2200,2200,2200,2230,2230,2200
joy-luck-chinese-and-sushi-college-station,1100,1100,1100,1100,1100,1100,1100,2200,2200,2200,2200,2230,2230,2230
red-lobster-college-station,1100,1100,1100,1100,1100,1100,1100,2200,2200,2200,2200,2300,2300,2200
fazolis-college-station,1030,1030,1030,1030,1030,1030,1030,2300,2300,2300,2300,2300,2300,2200
the-rollin-joint-college-station,,,,2200,2200,2200,,,,,1500,1500,1500,
h-e-b-college-station,0000,0000,0000,0000,0000,0000,0000,0000,0000,0000,0000,0000,0000,0000
outback-steakhouse-college-station,1100,1100,1100,1100,1100,1100,1100,2200,2200,2200,2200,2300,2300,2130
hungry-howies-pizza-college-station-3,1000,1000,1000,1000,1000,1000,1000,0000,0000,0000,0200,0300,0300,0000
panda-express-college-station-3,1000,1000,1000,1000,1000,1100,1100,2100,2100,2100,2100,2100,2000,2000
taco-bell-college-station,0700,0700,0700,0700,0700,0700,0700,0200,0200,0300,0400,0400,0400,0200
honeybaked-ham-co-college-station,1100,1100,1100,1100,1100,1100,,1800,1800,1800,1800,1800,1700,
dominos-pizza-college-station,1000,1000,1000,1000,1000,1000,1000,0300,0300,0300,0300,0300,0300,0300
firehouse-subs-college-station-2,1030,1030,1030,1030,1030,1030,1030,2100,2100,2100,2100,2100,2100,2100
blakes-steaks-college-station,1100,1700,1100,1700,1100,,,1400,2000,1400,2000,1400,,
kyoto-japanese-restaurant-college-station,1100,1100,1100,1100,1100,1400,1400,2130,2130,2130,2130,2130,2130,2130
chicken-oil-co-bryan,1100,1100,1100,1100,1100,1100,1100,2100,2100,2100,2100,2200,2200,2100
la-familia-taqueria-college-station,0600,0600,0600,0600,0600,0600,0700,1400,1400,1400,1400,1400,1400,1400
doubledaves-pizzaworks-college-station-6,1100,1100,1100,1100,1100,1100,1100,2300,2300,2300,2300,0000,0000,2300
hullabaloo-diner-wellborn,,,1100,1100,1100,0900,0900,,,2100,2100,2100,2100,1400
the-university-club-college-station,1100,1100,1100,1100,1100,,,1400,1400,1400,1400,1400,,
schlotzskys-college-station-3,0900,0900,0900,0900,0900,0900,0900,2200,2200,2200,2200,2200,2200,2200
hometown-chinese-restaurant-bryan,1100,1100,1100,1100,1100,1100,1100,2200,2200,2200,2200,2230,2230,2200
baked-or-fried-bryan,1100,1100,1100,1100,1100,1100,1100,2200,2200,2200,2200,2200,2200,2200
jimmy-johns-college-station-2,1100,1100,1100,1100,1100,1100,1100,0300,0300,0300,0300,0300,0300,0300
the-grill-at-the-pavilion-college-station,0800,0800,0800,0800,0800,,1200,1930,1930,1930,1930,1530,,2000
frittella-italian-cafe-bryan-2,,0500,0500,0500,0500,0500,1100,,2100,2100,2100,2200,2200,1400
dominos-pizza-college-station-6,1000,1000,1000,1000,1000,1000,1000,0200,0200,0200,0200,0300,0300,1400
the-tap-college-station,1100,1100,1100,1100,1100,1100,0700,0200,0200,0200,0200,0200,0200,0700
dennys-college-station,0000,0000,0000,0000,0000,0000,0000,0000,0000,0000,0000,0000,0000,0000
tree-house-cafe-long-beach,1100,1100,1100,1100,1100,1100,1100,2100,2100,2100,2100,0000,0000,2100
freebirds-world-burrito-college-station-5,1030,1030,1030,1030,1030,1030,1030,2200,2200,2200,2200,2200,2200,2100
cicis-college-station-2,1100,1100,1100,1100,1100,1100,1100,2200,2200,2200,2200,2300,2300,2200
revs-american-grill-college-station,0700,0700,0700,0700,0700,0700,0700,0000,0000,0000,0000,2300,2200,0000
raspas-el-payasito-bryan,1100,1100,1100,1100,1100,1100,1100,2000,2100,2100,2100,2100,2100,2100
chilis-college-station,1100,1100,1100,1100,1100,1100,1100,2300,2300,2300,2300,0000,0000,2300
fuddruckers-college-station,1100,1100,1100,1100,1100,1100,1100,2100,2100,2100,2100,2200,2200,2100
kreuz-market-bryan,1030,1030,1030,1030,1030,1030,1030,2000,2000,2000,2000,2000,2000,1800
caffe-capri-bryan,1800,1800,1800,1800,1700,1700,,2100,2100,2100,2100,2100,2100,
freebirds-world-burrito-college-station-4,1030,1030,1030,1030,1030,1030,1030,2200,2200,2200,2200,2200,2200,2100
khairallah-halal-meat-bryan-2,1100,1100,1100,1100,1100,1100,1100,2200,2200,2200,2200,2200,2200,2200
olive-garden-italian-restaurant-college-station-3,1100,1100,1100,1100,1100,1100,1100,2200,2200,2200,2200,2300,2300,2200
must-be-heaven-college-station,0800,0800,0800,0800,0800,0800,,1800,1800,1800,1800,1800,1500,
taco-bell-college-station-2,0700,0700,0700,0700,0700,0700,0700,0200,0200,0200,0200,0300,0300,0200
bushs-chicken-college-station,1000,1000,1000,1000,1000,1000,1000,2200,2200,2200,2200,2200,2200,2100
taco-crave-taco-bar-bryan-2,1100,1100,1100,1100,1100,1100,,2100,2100,2100,2100,2100,2100,
manchu-wok-college-station,1030,1030,1030,1030,1030,1030,1130,2100,2100,2100,2100,2100,2100,1800
schlotzskys-college-station-2,0900,0900,0900,0900,0900,0900,0900,2200,2200,2200,2200,2200,2200,2200
smashburger-college-station,1100,1100,1100,1100,1100,1200,,2100,2100,2100,2100,2100,2100,
chicken-express-college-station,1030,1030,1030,1030,1030,1030,1030,2200,2200,2200,2200,2200,2200,2200
la-unión-tienda-y-restaurante-bryan-2,1000,1000,1000,1000,1000,1000,1000,1900,1900,1900,1900,2000,1800,1500
babylon-cafe-and-mediterranean-grill-bryan-2,1100,1100,1100,1100,1100,1100,1100,0100,0100,0100,0100,0200,0200,0100
farmers-grill-bryan,0700,0700,0700,0700,0700,,,1600,1600,1600,1600,1600,,
martins-place-bryan-2,,1100,1100,1100,1100,1100,,,1600,1900,1900,1930,1800,
panda-express-college-station,1100,1100,1100,1100,1100,1100,1100,2200,2200,2200,2200,2230,2230,2200
jimmy-johns-college-station,1100,1100,1100,1100,1100,1100,1100,2300,2300,2300,2300,2300,2300,2300
la-carreta-mexican-grill-bryan,0700,0700,0700,0700,1700,0700,0700,1400,1400,1400,1400,2100,1500,1400
imperial-chinese-and-sushi-bryan-2,1100,1100,1100,1100,1100,1100,1100,2200,2200,2200,2200,2230,2230,2200
j-codys-steaks-and-bbq-bryan,1100,1100,1100,1100,1100,1100,1100,2100,2100,2100,2100,2130,2130,1500
doubledaves-pizzaworks-college-station-2,1100,1100,1100,1100,1100,1100,1100,2300,2300,2300,2300,0000,0000,2300
whataburger-college-station,0000,0000,0000,0000,0000,0000,0000,0000,0000,0000,0000,0000,0000,0000
freebirds-world-burrito-college-station-3,1030,1030,1030,1030,1030,1030,1030,2200,2200,2200,2200,2200,2200,2100
kfc-college-station-2,1030,1030,1030,1030,1030,1030,1030,2200,2200,2200,2200,2230,2230,2200
joy-luck-fusion-college-station,,,,1800,1800,1800,,,,,0300,0300,0300,
chipotle-mexican-grill-college-station-2,1045,1045,1045,1045,1045,1045,1045,2200,2200,2200,2200,2200,2200,2200
chicken-express-college-station-3,1030,1030,1030,1030,1030,1030,1030,2200,2200,2200,2200,2200,2200,2200
laynes-chicken-fingers-college-station-2,1030,1030,1030,1030,1030,1030,1030,2200,2200,2330,2330,2330,2330,2330
golden-corral-college-station-2,1100,1100,1100,1100,0800,0730,0730,2130,2130,2130,2130,2200,2200,2130
jimmy-johns-college-station-5,1030,1030,1030,1030,1030,1030,1030,2200,2200,2200,2200,2200,2200,2200
cotton-patch-cafe-bryan-2,1100,1100,1100,1100,1100,1100,1030,2130,2130,2130,2130,2200,2200,2100
dairy-queen-college-station,1030,1030,1030,1030,1030,1030,1030,0000,0000,0000,0000,0000,0000,0000
wayback-burgers-bryan,1030,1030,1030,1030,1030,1030,1030,2200,2200,2200,2200,2200,2200,2100
shannons-cafe-bryan,0700,0700,0700,0700,0700,0700,,1600,1600,1600,1600,1500,1500,
w-xyz-bar-college-station,1700,1700,1700,1700,1700,1700,1700,2300,2300,2300,2300,0000,0000,2300
chuck-e-cheeses-college-station,1100,1100,1100,1100,1100,1000,1100,2100,2100,2100,2100,2200,2200,2100
chick-fil-a-college-station-7,0630,0630,0630,0630,0630,0630,,2200,2200,2200,2200,2200,2200,
wendys-college-station-4,1000,1000,1000,1000,1000,,1000,0000,0000,0000,0000,0000,,0000
cracker-barrel-old-country-store-bryan,0600,0600,0600,0600,0600,0600,0600,2200,2200,2200,2200,2300,2300,2200
bryan-fat-burger-bryan,1100,1100,1100,1100,1100,1100,,2200,2200,2200,2200,2200,2200,
taqueria-san-louis-bryan,1500,1500,1500,1500,1500,1500,1500,0000,0000,0000,0000,0000,0300,0300
joses-fine-mexican-food-bryan,,1100,1100,1100,1100,1100,1100,,2200,2200,2200,2200,2200,2200
wings-n-more-express-bryan-3,1030,1030,1030,1030,1030,1030,1030,2200,2200,2200,2200,2200,2200,2100
dos-hermanos-taqueria-bryan,1200,1200,1200,1200,1200,1200,,2200,2200,2200,2200,2300,2300,
which-wich-college-station,0730,0730,0730,0730,0730,,,1730,1730,1730,1730,1500,,
t-jin-china-diner-bryan-2,1100,1100,1100,1100,1100,1100,1100,2200,2200,2200,2200,2230,2230,2200
la-iguana-loka-bryan,1200,1200,1200,1200,1200,1200,1200,2100,2100,2100,2100,2100,2100,1800
chef-caos-ii-bryan-3,1100,1100,1100,1100,1100,1100,1100,2200,2200,2200,2200,2230,2230,2200
crawfish-to-geaux-bryan,,,1100,1100,1100,,,,,1800,1800,1800,,
wienerschnitzel-bryan,1000,1000,1000,1000,1000,1000,1000,0000,0000,0000,0000,0000,0000,0000
buppys-catering-bryan,0830,0830,0830,0830,0830,2100,,1730,1730,1730,1730,1730,0300,
taqueria-poblana-bryan,0600,0600,0600,0600,0600,0600,,1500,1500,1500,2200,2200,2200,
longhorn-tavern-bryan,1100,1100,1100,1100,1100,1100,,2100,2100,2100,2100,2130,2130,
subway-college-station-8,0700,0700,0700,0700,0700,0800,0900,0000,0000,0000,0000,0000,0000,0000
carters-burger-bryan-11,1030,1030,1030,1030,1030,1030,1100,2200,2200,2200,2200,2200,2200,2200
whataburger-college-station-3,0000,0000,0000,0000,0000,0000,0000,0000,0000,0000,0000,0000,0000,0000
taco-bell-college-station-4,0700,0700,0700,0700,0700,0700,0700,0100,0100,0100,0100,0100,0100,0100
chick-fil-a-bryan-2,0630,0630,0630,0630,0630,0630,,2200,2200,2200,2200,2200,2200,
kolache-rolfs-bryan,0600,0600,0600,0600,0600,0700,0700,1400,1400,1400,1400,1400,1230,1230
must-be-heaven-bryan,0800,0800,0800,0800,0800,0800,,1800,1800,1800,1800,1800,1500,
papa-perez-bryan,1100,1700,1700,1700,1100,0800,0800,1400,2100,2100,2100,2200,2100,1400
papa-johns-college-station-4,1000,1000,1000,1000,1000,,1100,0000,0000,0000,0000,2000,,2300
jack-in-the-box-college-station,0000,0000,0000,0000,0000,0000,0000,0000,0000,0000,0000,0000,0000,0000
bushs-chicken-bryan,1000,1000,1000,1000,1000,1000,1000,2200,2200,2200,2200,2200,2200,2200
peppers-cocina-bryan,,1700,1700,1700,1700,0600,0800,,2100,2100,2100,2100,2100,1400
eted-sidewalk-cafe-college-station,0730,0730,0730,0730,0730,,,1330,1330,1330,1330,1330,,
popeyes-louisiana-kitchen-bryan,1000,1000,1000,1000,1000,1000,1000,2200,2200,2200,2200,2300,2300,2130
maggies-taqueria-bryan,0500,0500,0500,0500,0500,0500,,1300,1300,1300,1300,1300,1300,
pepes-mexican-cafe-bryan,0600,0600,0600,0600,0600,0600,0600,2300,2300,2300,2300,0000,0000,2300
mr-gs-pizzeria-bryan,1700,1700,1700,1700,1700,1700,,2100,2100,2100,2100,2100,2100,
hungry-howies-pizza-bryan,1000,1000,1000,1000,1000,1000,1000,0000,0000,0000,0200,0300,0300,0000
must-be-heaven-bryan-2,0800,0800,0800,0800,0800,0800,1100,1700,1700,1700,1700,1700,1700,1500
kolache-capital-bryan,0600,0600,0600,0600,0600,0600,,1400,1400,1400,1400,1400,1400,
la-familia-taqueria-bryan,0530,0530,0530,0530,0530,0530,0700,1400,1400,1400,1400,1400,1400,1400
casa-rodriguez-restaurant-bryan,1100,0700,0700,0700,0700,0800,0800,1400,2100,2100,2100,2130,2130,2000
la-botana-mexican-restaurant-bryan-2,0600,0600,0600,0600,0600,0600,0700,2100,2100,2100,2100,2100,2100,1500
backstage-bistro-bryan-2,1400,1400,1400,1400,1100,1100,1100,2200,2200,2200,2200,2300,2300,2200
nestle-toll-house-cafe-by-chip-college-station,1000,1000,1000,1000,1000,1000,1200,2100,2100,2100,2100,2100,2100,1800
casa-ole-bryan,1100,1100,1100,1100,1100,1100,1100,2200,2200,2200,2200,2200,2200,2100
cilantro-mexican-grill-bryan,1100,1100,1100,1100,1100,1100,1100,2100,2100,2100,2100,2200,2200,2100
los-cucos-mexican-cafe-bryan-bryan-2,1100,1100,1100,1100,1100,1100,1100,2200,2200,2200,2200,2300,2300,2200
rojos-taqueria-bryan,0900,0900,0900,0900,0900,0900,0900,2100,2100,2100,2100,2100,2100,2100
cicis-college-station,1100,1100,1100,1100,1100,1100,1100,2200,2200,2200,2200,2200,2200,2200
shanghai-wok-bryan,1100,1100,1100,1100,1100,1100,1100,2200,2200,2200,2200,2200,2200,2200
c-and-j-barbeque-bryan,1030,1030,1030,1030,1030,1030,1100,2030,2030,2030,2030,2100,2100,1500
doubledaves-pizzaworks-bryan,1100,1100,1100,1100,1100,1100,1100,2300,2300,2300,2300,0000,0000,2300
hot-dogs-and-wings-etc-bryan,1000,1000,1000,1000,1000,1000,1100,0000,0000,0000,0000,0100,0100,0000
ihop-bryan,0000,0000,0000,0000,0000,0000,0000,0000,0000,0000,0000,0000,0000,0000
el-taconazo-taco-truck-bryan,0600,0600,0600,0600,0600,0600,,1400,1400,1400,1400,1400,1400,
whataburger-bryan,0000,0000,0000,0000,0000,0000,0000,0000,0000,0000,0000,0000,0000,0000
panda-express-bryan-2,1100,1100,1100,1100,1100,1100,1100,2200,2200,2200,2200,2230,2230,2200
long-john-silvers-bryan,1030,1030,1030,1030,1030,1030,1030,2200,2200,2200,2200,2300,2300,2200
dominos-pizza-bryan,1000,1000,1000,1000,1000,1000,1000,0000,0000,0000,0000,0200,0200,0000
cicis-bryan,1100,1100,1100,1100,1100,1100,1100,2200,2200,2200,2200,2300,2200,2200
jrs-grill-bryan,1100,1100,1100,1100,1100,1100,,2300,2300,2300,2300,0200,0200,
taco-bell-bryan-4,1000,1000,1000,1000,1000,1000,1000,0000,0000,0000,0100,0100,0100,0000
kfc-bryan,1030,1030,1030,1030,1030,1030,1030,2200,2200,2200,2200,2230,2230,2200
antojitos-mexicanos-el-nopalito-bryan,0700,0700,0700,0700,0700,0700,,0100,0100,0100,0100,0400,0400,
subway-bryan-5,0700,0700,0700,0700,0700,0800,0900,0000,0000,0000,0000,0000,0000,0000
bellons-kung-pao-express-bryan,0700,0700,0700,0700,0700,1000,1000,2000,2000,2000,2000,2000,2000,2000
taqueria-la-perla-bryan,0800,0800,0800,0800,0800,0800,0800,0000,0000,0000,0000,0300,0300,0000
subway-bryan-11,0700,0700,0700,0700,0700,0700,0800,2300,2300,2300,2300,2300,2300,2300
whataburger-bryan-2,0000,0000,0000,0000,0000,0000,0000,0000,0000,0000,0000,0000,0000,0000
taco-bell-bryan-2,0700,0700,0700,0700,0700,0700,0700,0100,0100,0100,0100,0200,0200,0100
little-caesars-pizza-bryan-4,1000,1000,1000,1000,1000,1000,1000,2300,2300,2300,2300,0000,0000,2300
subway-bryan-13,0700,0700,0700,0700,0700,0800,0900,0000,0000,0000,0000,0000,0000,0000
wings-n-more-express-bryan-2,1030,1030,1030,1030,1030,1030,1030,2200,2200,2200,2200,2200,2200,2100
popeyes-louisiana-kitchen-bryan-3,1000,1000,1000,1000,1000,1000,1000,2200,2200,2200,2200,2300,2300,2130
la-jefa-taqueria-bryan,0600,0600,0600,0600,0600,0600,0600,1430,1430,1430,1430,1430,1430,1430
krazy-q-and-dr-sno-kone-bryan,,,,1100,1100,1100,1200,,,,1900,1900,1900,1800
field-and-tides-houston-2,1100,1100,1100,1100,1100,1000,1000,2200,2200,2200,2200,2300,2300,2200
ritual-houston,1100,1100,1100,1100,1100,1000,1000,2200,2200,2200,2200,2300,2300,2200
kitchen-713-houston-3,,1100,1100,1100,1100,1100,1100,,2200,2200,2200,0000,0000,2100
ono-poke-houston-2,1100,1100,1100,1100,1100,1100,1100,2100,2100,2100,2100,2100,2100,2100
edison-houston,1600,1600,1600,1600,1600,1100,1100,0000,0000,0000,0000,0200,0200,0000
the-pit-room-houston,1100,1100,1100,1100,1100,1100,1100,2100,2100,2100,2100,2100,2100,2100
nobies-houston-2,,1700,1700,1700,1700,1700,1100,,2300,2300,0000,0000,0000,1600
roostar-vietnamese-grill-houston-3,1100,1100,1100,1100,1100,1100,,2100,2100,2100,2100,2100,2100,
kings-bierhaus-houston-2,1100,1100,1100,1100,1100,1100,1100,2300,2200,2200,0000,0000,0000,2100
liberty-taco-houston-2,0700,0700,0700,0700,0700,0800,0800,2100,2100,2100,2100,2100,2100,2100
cabo-baja-tacos-and-burritos-houston-3,1000,1000,1000,1000,1000,0900,0900,2300,2300,2300,2300,0400,0400,2300
hearsay-gastro-lounge-houston,1100,1100,1100,1100,1100,1100,1000,0000,0000,0000,0000,0200,0200,2200
urban-eats-houston-2,0800,0800,0800,0800,0800,0900,1000,2100,2100,2100,2100,2300,2300,1500
helen-in-the-heights-houston,,1100,1100,1100,1100,1100,1600,,2200,2200,2200,2300,2300,2100
pinch-seafood-and-bar-houston,1600,1600,1600,1600,1130,1130,1130,2200,2200,2200,2200,2300,2300,2200
fabios-artisan-pasta-houston,0800,0800,0800,0800,0800,0800,,1900,1900,1900,1900,1900,1900,
roost-houston,1600,1600,1600,1600,1600,1600,,2200,2200,2200,2200,2300,2300,
the-rice-box-houston-5,1100,1100,1100,1100,1100,1100,1100,2200,2200,2200,2200,0000,0000,2200
bar-5015-houston,,1600,,1600,1600,1800,1100,,0000,,0000,0200,0200,1900
thai-gourmet-houston,1700,1700,1700,1700,1700,1100,,2130,2130,2130,2130,2230,2200,
krisp-bird-and-batter-houston,1100,1100,1100,1100,1100,1100,1100,2100,2100,2100,2100,2200,2200,2100
dish-society-houston,0700,0700,0700,0700,0700,0700,0800,2200,2200,2200,2200,2200,2200,2100
local-pho-houston,1000,1000,1000,1000,1000,1000,,2100,2100,2100,2100,2100,2100,
conservatory-houston-2,1100,1100,1100,1100,1100,1100,1100,0000,0000,0000,0000,0300,0300,2200
yoyos-hot-dog-houston-14,,,,,2100,2100,,,,,,0300,0300,
state-fare-houston,1100,1100,1100,1100,1100,1000,1000,2200,2200,2200,2200,2300,2300,2200
presidio-houston,,1500,1500,1500,1500,1500,1500,,2200,2200,2200,2300,2300,2200
the-moonshiners-southern-table-bar-houston-2,1100,1100,1100,1100,1100,1000,1000,0000,0000,0000,0000,0200,0200,0000
5411-empanadas-houston-2,0700,0700,0700,0700,0700,,,1430,1430,1430,1430,1430,,
tacodeli-houston-4,0700,0700,0700,0700,0700,0800,0800,1500,1500,1500,1500,1500,1500,1500
the-union-kitchen-houston-5,1100,1100,1100,1100,1100,1000,1000,2200,2200,2200,2200,2300,2200,2100
local-foods-houston,1000,1000,1000,1000,1000,1000,1000,2030,2030,2030,2030,2030,2030,2030
swamp-city-houston,1100,1100,1100,1100,1100,1100,,2100,2100,2100,2100,2200,2200,
t-bones-sports-pub-houston,1100,1100,1100,1100,1100,1100,1100,0200,0200,0200,0200,0200,0200,0200
fu-belly-asian-cuisine-and-bubble-tea-bar-houston-2,1100,1100,1100,1100,1100,1100,1100,2200,2200,2200,2200,2200,2200,2200
gumbo-jeauxs-houston,1100,1100,1100,1100,1100,,,2030,2030,2030,2030,2030,,
hopdoddy-burger-bar-houston-3,1100,1100,1100,1100,1100,1100,1100,2300,2300,2300,0000,0000,0000,2300
star-fish-houston,1600,1600,1600,1600,1600,1600,1600,2200,2200,2200,2300,2300,2300,2200
rehla-foods-houston,1000,1000,,1000,,,,1500,1500,,1500,,,
gumbo-jeauxs-houston-2,1100,1100,1100,1100,1100,1100,,2100,2100,2100,2100,2100,2100,
house-of-fries-houston,1000,1000,1000,1000,1000,1000,,1600,1600,1600,1600,1600,1600,
oporto-fooding-house-and-wine-houston,1100,1100,1100,1100,1100,1100,1100,2200,2200,2200,2300,2300,2300,1500
rise-nº2-houston,1100,1100,1100,1100,1100,1100,1100,2200,2200,2200,2200,2300,2300,2100
southern-goods-houston,1700,1700,1700,1700,1700,1100,1100,2200,2200,2200,0000,0000,0000,2200
killens-stq-houston,1700,1700,1700,1700,1700,1700,,2100,2100,2100,2100,2200,2200,
graces-houston-3,1100,1100,1100,1100,1100,0900,0900,2100,2100,2100,2100,2200,2200,2100
zen-japanese-izakaya-houston,,1630,1630,1630,1630,1630,1630,,2230,2230,2230,2230,2230,2130
peli-peli-kitchen-houston,1100,1100,1100,1100,1100,1100,1100,2200,2200,2200,2200,2200,2200,2200
grotto-downtown-houston,1100,1100,1100,1100,1100,1100,1100,2200,2200,2200,2200,2300,2300,2100
las-tortas-perronas-houston-8,1000,1000,1000,1000,1000,1000,,2100,2100,2100,2100,2100,2100,
pokeology-houston,1130,1130,1130,1130,1130,1130,1130,2200,2200,2200,2200,2200,2200,2200
barnabys-cafe-houston-12,1100,1100,1100,1100,1100,1130,1130,2200,2200,2200,2200,2200,2200,2200
fat-bao-houston,1100,1100,1100,1100,1100,1100,1200,2200,2200,2200,2200,2200,2200,2100
seaside-poke-houston-5,1100,1100,1100,1100,1100,1100,1200,2100,2100,2100,2100,2100,2100,2100
jinya-ramen-bar-houston-3,1100,1100,1100,1100,1100,1100,1100,2300,2300,2300,2300,0200,0200,2300
the-breakfast-klub-houston-2,0700,0700,0700,0700,0700,0800,0800,1400,1400,1400,1400,1400,1400,1400
local-foods-houston-5,1000,1000,1000,1000,1000,1000,1000,2000,2000,2000,2000,2000,2000,2000
coltivare-houston,1700,,1700,1700,1700,1700,1700,2200,,2200,2200,2300,2300,2100
mkt-bar-houston,1400,1400,1400,1400,1400,0900,0900,2200,2200,2200,0200,0200,0200,2000
state-of-grace-houston,1100,1100,1100,1100,1100,1700,1700,2200,2200,2200,2200,2300,2300,2100
riel-houston,1700,1700,1700,1700,1700,1700,,2200,2200,2200,2200,2300,2300,
patagonia-grill-and-cafe-houston-3,1700,1700,1700,1700,1700,1700,1200,2200,2200,2200,2200,2200,2200,2100
velvet-taco-houston,1100,1100,1100,1100,1100,1000,1000,0100,0100,0100,0300,0500,0500,0100
hmart-houston,0800,0800,0800,0800,0800,0800,0800,2200,2200,2200,2200,2200,2200,2200
liberty-kitchen-and-oyster-bar-houston-2,1100,1100,1100,1100,1100,0800,0800,2200,2200,2200,2200,2300,2300,2100
provisions-houston,1700,1700,1700,1700,1700,1700,,2200,2200,2200,2300,2300,2300,
bacco-houston,1600,1600,1600,1600,1600,1100,1100,0200,0200,0200,0200,0200,0200,2200
teriyaki-kitchen-houston,1030,1030,1030,1030,1030,1100,,2030,2030,2030,2030,2030,2100,
blonde-biscotti-houston-2,,0700,0700,0700,0700,0800,0800,,1900,1900,1900,1900,1900,1900
crab-ave-houston-3,1100,1100,1100,1100,1100,1100,1100,2200,2200,2200,2200,2200,2200,2200
snooze-an-a-m-eatery-houston,0630,0630,0630,0630,0630,0630,0630,1430,1430,1430,1430,1430,1430,1430
peli-peli-houston-5,1100,1100,1100,1100,1100,1100,1100,2200,2200,2200,2200,2300,2300,2200
the-grove-houston,1100,1100,1100,1100,1100,1100,1100,2200,2200,2200,2200,2300,2300,2100
fat-bao-houston-4,1100,1100,1100,1100,1100,1100,,2200,2200,2200,2200,2200,2130,
north-italia-houston,1100,1100,1100,1100,1100,1000,1000,2200,2200,2300,2300,2300,2300,2200
cou-yon-seafood-house-houston-2,1100,1100,1100,1100,1100,1400,1400,2200,2200,2200,2200,2200,2200,2200
magas-cafe-houston,0800,,0800,0800,0800,0800,0800,2100,,2100,2100,2100,2100,2100
the-springbok-houston,1100,1100,1100,1100,1100,1100,,0000,0000,0000,0000,0000,0000,
roostar-vietnamese-grill-houston-2,1100,1100,1100,1100,1100,1100,1100,2130,2130,2130,2130,2130,2130,2100
habanera-and-the-gringo-houston-5,1100,1100,1100,1100,1100,1100,1100,0000,0000,0000,0000,0100,0100,0000
liberty-kitchen-garden-oaks-houston,1100,1100,1100,1100,1100,0900,0900,2100,2100,2100,2100,2200,2200,2100
stantons-city-bites-houston,,1100,1100,1100,1100,1100,1100,,2000,2000,2000,2100,2100,1600
rim-tanon-houston-2,1700,1700,1700,1700,1700,1700,,2130,2130,2130,2130,2230,2230,
the-kitchen-at-the-dunlavy-houston-3,0700,0700,0700,0700,0700,0700,0700,1400,1400,1400,1400,1400,1400,1400
ambrosia-houston,1700,1700,1700,1700,1700,1700,1700,2100,2200,2200,2200,2300,2300,2200
tiny-boxwoods-houston,,0700,0700,0700,0700,0800,0900,,2200,2200,2200,2200,2200,1400
pepper-twins-houston-4,,1630,1630,1630,1630,1630,1630,,2100,2100,2100,2100,2100,2100
crisp-heights-houston,1100,1100,1100,1100,1100,1000,1000,2300,2300,2300,2300,0000,0000,2200
yokushi-robata-houston,1700,1700,1700,1700,1700,1400,1400,2200,2200,2200,2200,2300,2230,2200
xochi-houston,1100,1100,1100,1100,1100,1100,1000,2200,2200,2200,2200,2300,2300,2100
chapman-and-kirby-houston-2,,,1600,1600,1600,1600,,,,0000,0200,0200,0200,
benjys-houston-3,1600,1600,1600,1600,1600,1600,1700,2100,2200,2200,2200,2200,2200,2100
true-food-kitchen-houston,1100,1100,1100,1100,1100,1000,1000,2200,2200,2200,2200,2300,2300,2100
uyghur-bistro-houston,1100,1100,1100,1100,1100,1100,1100,2130,2130,2130,2130,2130,2130,2130
bosscat-kitchen-and-libations-houston,1100,1100,1100,1100,1100,1100,1100,2300,2300,2300,0200,0200,0200,1500
cafe-ginger-uptown-houston-3,1100,1100,1100,1100,1100,1100,1100,2200,2200,2200,2200,2300,2300,2200
mezza-grille-houston,1100,1100,1100,1100,1100,1100,1100,2200,2200,2200,2200,2300,2300,2200
indieats-houston,1100,1100,1100,1100,1100,1100,1100,2230,2230,2230,2230,0000,0000,2230
calypto-burger-houston-2,1100,1100,1100,1100,1100,1100,1200,1900,1900,1900,1900,2000,2000,1800
izakaya-houston,1700,1700,1700,1700,1700,1200,1200,2300,2300,2300,0000,0000,0000,2300
local-foods-houston-4,1000,1000,1000,1000,1000,1000,1000,2100,2100,2100,2100,2100,2100,2100
harolds-houston-5,,1100,1100,1100,1100,1000,1000,,2100,2100,2200,2200,2200,2000
cowboys-and-indians-tex-in-kitchen-houston,1100,1100,1100,1100,1100,0800,0800,2100,2100,2100,2100,0000,0000,2100
perbacco-houston,1100,1100,1100,1700,1700,1700,,1430,1430,1430,2100,2100,2100,
the-general-public-houston,1100,1100,1100,1100,1100,1030,1030,0000,0000,0000,0000,0200,0200,0000
liberty-kitchen-and-oysterette-houston,1100,1100,1100,1100,1100,0900,0900,2200,2200,2200,2200,2300,2300,2100
izakaya-wa-houston,,1730,1730,1730,1730,1730,1700,,2200,2200,2200,2300,2300,2100
house-of-bowls-houston,1100,,1100,1100,1100,1100,1100,2200,,2200,2200,2300,2300,2130
foreign-policy-food-truck-houston-19,,,,1100,,,,,,,1400,,,
helen-ts-soul-food-cafe-houston,,,,1100,1100,1000,1000,,,,1800,1800,1700,1700
m-and-m-grill-houston,1100,1100,1100,1100,1100,1100,,2200,2200,2200,2200,2300,2300,
city-acre-brewing-houston,1600,,1600,1600,1100,1100,1100,2200,,2200,2200,2300,2300,2000
steak-48-houston-2,1600,1600,1600,1600,1600,1600,1600,2200,2200,2200,2200,2300,2300,2200
che-inka-houston,1030,1030,1030,1030,1030,1030,1030,2130,2130,2130,2130,2230,2230,2130
moku-bar-houston,1100,1100,1100,1100,1100,1100,1100,2100,2100,2100,2100,2100,2100,2100
karbach-brewing-company-houston,1100,1100,1100,1100,1100,1100,1100,2100,2130,2130,2130,2130,2130,2100
maba-pan-asian-diner-houston,1100,1100,1100,1100,1100,1100,,2200,2200,2200,2200,2200,2200,
adair-kitchen-houston,0700,0700,0700,0700,0700,0800,0800,2200,2200,2200,2200,2200,2200,2100
gumbo-jeauxs-houston-4,1100,1100,1100,1100,1100,1100,,2000,2000,2000,2000,2000,1800,
uchi-houston,1700,1700,1700,1700,1700,1700,1700,2200,2200,2200,2200,2300,2300,2200
thai-jasmine-restaurant-houston,1100,1100,1100,1100,1100,1100,,2130,2130,2130,2130,2130,2130,
helens-kitchen-houston,1100,1100,1100,1100,1000,1000,,2000,2000,2000,2000,2100,2100,
south-bank-seafood-bar-houston,1100,1100,1100,1100,1100,1100,1100,0000,0000,0000,0000,0200,0200,2200
ramen-bar-ichi-houston,,1800,1800,1800,1800,1700,1700,,2200,2200,2200,2200,2200,2100
texas-shrimp-shack-houston,1500,1500,1500,1500,1500,1200,1200,2200,2200,2200,2200,2200,2200,2100
simply-greek-houston-7,1100,1100,1100,1100,1100,1100,1100,2100,2100,2100,2100,2200,2200,2100
crispy-or-grilled-houston,,1800,1800,1800,1800,1345,,,0100,0100,0200,0230,0230,
rachels-cafe-houston,1100,1100,1100,1100,1100,1130,,1800,1800,1800,1800,1800,1800,
backstreet-café-houston-2,1100,1100,1100,1100,1100,1000,1000,2200,2200,2200,2200,2300,2300,2100
prohibition-supperclub-and-bar-houston,1600,,1600,1600,1600,1600,1030,0000,,0000,0200,0200,0200,1445
sabas-grill-and-wok-houston,1100,1100,1100,1100,1100,,1100,2100,2100,2100,2100,1530,,2100
culichi-town-houston-11,1100,1100,1100,1100,1100,1100,1100,0000,0000,0000,0000,0000,0000,0000
love-buzz-houston-4,1600,1600,1600,1600,1600,1200,1200,0200,0200,0200,0200,0300,0300,0200
biryani-factory-houston-2,1130,,1130,1130,1130,1130,1130,2200,,2200,2200,2200,2200,2200
the-stuffed-baked-potato-factory-houston-2,,1100,1100,1100,1100,1100,,,1900,1900,1900,1900,1900,
niu-yi-zui-lamen-houston,,1030,1030,1030,1030,1030,1030,,2130,2130,2130,2130,2130,2130
qins-noodle-kitchen-houston,1100,1100,1100,1100,1100,1100,1100,2100,2130,2100,2100,2100,2100,2100
ettas-little-cooking-school-houston,,,,,,,1100,,,,,,,1600
ramen-tatsu-ya-houston,1100,1100,1100,1100,1100,1100,1100,2200,2200,2200,2200,2200,2200,2200
irmas-southwest-grill-houston,1700,1700,1700,1700,1700,1700,,2100,2100,2100,2100,2100,2100,
the-raven-grill-houston,1700,1100,1100,1100,1100,1100,1100,2200,2200,2200,2200,2200,2200,2100
chef-on-the-run-houston,1100,1100,1100,1100,1100,1100,1200,0200,0200,0200,0200,0300,0300,0300
caracol-houston,1100,1100,1100,1100,1100,1100,1100,2200,2200,2200,2200,2300,2300,2100
las-palomas-mexican-restaurant-houston-8,1100,1100,1100,1100,1100,1100,,2100,2100,2100,2100,2200,2200,
super-chicken-houston,1030,1030,1030,1030,1030,,,1400,1400,1400,1400,1400,,
houstons-restaurant-houston-2,1100,1100,1100,1100,1100,1130,1100,2130,2130,2130,2130,2200,2200,2130
the-hay-merchant-houston,1500,1500,1500,1500,1500,1100,1100,0200,0200,0200,0200,0200,0200,0200
weights-measures-houston-2,0700,0700,0700,0700,0700,0700,0700,2200,2200,2200,2200,2300,2300,1500
the-stuffed-baked-potato-factory-houston-3,,1100,1100,1100,1100,1100,,,2000,2000,2000,2000,2000,
mein-restaurant-houston,,1700,1700,1700,1700,1700,1700,,2200,2200,2200,2300,2300,2200
eloise-nichols-grill-and-liquors-houston-2,0700,0700,0700,0700,0700,1000,1000,2100,2200,2200,2200,2300,2300,2100
ginger-and-fork-houston,,1100,1100,1100,1100,1100,1100,,2200,2200,2200,2300,2300,1500
old-saigon-cafe-houston,,1100,1100,1100,1100,1100,1100,,2200,2200,2200,2200,2200,2200
aim-thai-restaurant-houston,,1000,1000,1000,1000,1000,1000,,2000,2000,2000,2000,2000,2000
north-shore-poke-co-houston-5,1100,1100,1100,1100,1100,1100,1100,2100,2100,2100,2100,2200,2200,2100
unos-pnches-tacos-houston,0600,0600,0600,0600,0600,0700,0700,1900,1900,1900,1900,1900,1900,1900
casian-crawfish-houston,1130,,1130,1130,1130,1130,1200,2030,,2030,2030,2200,2200,2030
cafeza-houston,0700,0700,0700,0700,0700,0700,0700,2300,2200,2200,2200,0000,0000,2200
phil-and-dereks-houston-5,1100,1100,1100,1100,1100,1030,1030,2200,2200,2200,2200,0000,0000,2200
district-7-grill-houston-3,0830,0830,0830,0830,0830,0830,0900,2200,2200,2200,2200,0000,0000,2100
pappadeaux-seafood-kitchen-houston-12,0900,0900,0900,0900,0900,0900,0900,2100,2100,2100,2100,2100,2100,2100
sage-houston-2,1700,1700,1700,1700,1700,1700,1700,2200,2200,2200,2200,2200,2100,2100
borgo-food-station-houston,0730,0730,0730,0730,0730,0800,,1900,1900,1900,1900,1900,1800,
tainan-bistro-houston-2,1030,1030,1030,1030,1030,1030,1030,2100,2100,2100,2100,2100,2100,2100
henderson-heights-houston,1500,1500,1500,1500,1500,1100,1100,0200,0200,0200,0200,0200,0200,0200
vic-and-anthonys-steakhouse-houston,1100,1100,1100,1100,1100,1700,1700,2200,2200,2200,2200,2300,2300,2200
bamboo-china-cafe-houston-2,1100,1100,1100,1100,1100,1100,1100,2200,2200,2200,2200,2230,2230,2200
hearsay-on-the-green-houston,1100,1100,1100,1100,1100,1100,1100,0000,0000,0000,0000,0200,0200,2300
hopdoddy-burger-bar-houston,1100,1100,1100,1100,1100,1100,1100,2200,2200,2200,2200,2300,2300,2200
banh-somtum-houston-3,1100,1100,1100,1100,1100,1100,1100,2100,2100,2100,2100,2100,2100,2100
district-7-grill-houston-5,1100,1100,1100,1100,1100,1030,,1530,2100,2100,2100,2100,2100,
captain-toms-seafood-and-oyster-bar-houston,1100,1100,1100,1100,1100,1100,1100,2300,2300,2300,2300,2300,2300,2300
island-grill-houston-6,0700,0700,0700,0700,0700,0700,0800,2100,2100,2100,2100,2100,2100,1630
pura-coffee-houston,0630,0630,0630,0630,0630,0730,0730,1700,1700,1700,1700,1700,1700,1700
pappadeaux-seafood-kitchen-houston-14,0900,0900,0900,0900,0900,0900,0900,2130,2130,2130,2130,2130,2130,2130
lims-chicken-houston,1130,1130,1130,1130,1130,1130,1130,2200,2200,2200,2200,2300,2300,2200
yauatcha-houston,1100,1100,1100,1100,1100,1100,1100,2200,2200,2200,2300,2300,2300,2200
central-texas-bar-b-q-houston,1000,1000,1000,1000,1000,,,1500,1500,1500,1500,1500,,
agu-ramen-houston,1100,1100,1100,1100,1100,1100,1100,2200,2200,2200,2200,2300,2300,2200
tarka-indian-kitchen-houston,1100,1100,1100,1100,1100,1100,1100,2100,2100,2100,2100,2200,2200,2100
massas-south-coast-grill-houston,1100,1100,1100,1100,1100,1700,,2100,2100,2100,2100,2100,2100,
sleepy-po-boys-houston,1100,1100,1100,1100,1100,1100,1100,0200,0000,0000,0000,0200,0200,2000
foundation-room-houston-3,,1700,1700,1700,1700,1700,,,0000,0000,0000,0100,0100,
the-original-marinis-empanada-house-houston,1100,1100,1100,1100,1100,1100,,2100,2100,2100,2100,2200,2200,
neils-bahr-houston,1600,1600,1600,1600,1600,1400,1600,0200,0200,0200,0200,0200,0200,0200
ninfas-mexican-restaurant-houston-3,1100,1100,1100,1100,1100,1100,1100,2130,2130,2130,0000,0000,0000,2130
buffburger-houston,1100,1100,1100,1100,1100,1100,1100,2100,2100,2100,2100,2200,2200,2100
gyro-king-houston,1100,1100,1100,1100,1100,1100,1200,2300,2300,2300,2300,2300,2300,2100
wokker-houston,1700,1700,1700,1700,1700,1400,,2200,2200,2200,2200,2200,2200,
hobos-sandwich-shop-houston,1030,1030,1030,1030,1030,1100,,1800,1800,1800,1800,1800,1600,
lotus-seafood-market-houston,1100,1100,1100,1100,1100,1100,,2100,2100,2100,2100,2100,2100,
peli-deli-houston-3,0700,0700,0700,0700,0700,,,1500,1500,1500,1500,1500,,
tamashi-ramen-and-sushi-houston-6,1100,1100,1100,1100,1100,1200,1200,2130,2130,2130,2130,2200,2200,2100
sterling-house-houston,1600,1600,1600,1600,1600,1200,1200,0200,0200,0200,0200,0200,0200,0200
nam-eatery-houston,1000,1000,1000,1000,1000,1000,,2000,2000,2000,2000,2000,2000,
pepper-twins-houston,,1630,1630,1630,1630,1630,1630,,2100,2100,2100,2100,2100,2100
salmontin-houston-2,,1100,1100,1100,1100,1100,1100,,2100,2100,2100,2200,2200,1500
under-the-volcano-houston,1400,1400,1400,1400,1300,1300,1000,0200,0200,0200,0200,0200,0200,0200
pepper-twins-houston-6,,1630,1630,1630,1630,1630,1630,,2100,2100,2100,2100,2100,2100
carniceria-aguascalientes-houston,0700,0700,0700,0700,0700,0600,0600,2200,2200,2200,2200,2200,2200,2200
seasons-52-houston-3,1100,1100,1100,1100,1100,1100,1000,2200,2200,2200,2200,2300,2300,2100
osso-and-kristalla-houston-2,0700,0700,0700,0700,0700,1000,1000,2200,2200,2200,2200,2300,2300,2100
nola-poboys-houston,1100,1100,1100,1100,1100,1100,1200,2100,2100,2100,2100,2100,2100,1800
peru-gourmet-houston-3,,1100,1100,1100,1100,1100,1200,,2000,2000,2000,2100,2100,1600
gyu-kaku-japanese-bbq-houston-2,1030,1030,1030,1030,1030,1030,1030,2230,2230,2230,2230,2330,2330,2230
uberrito-houston-6,1045,1045,1045,1045,1045,1045,1045,2200,2200,2200,2200,2200,2200,2100
the-del-houston,1100,1100,1100,1100,1100,1000,1000,2200,2200,2200,2200,2300,2300,2100
mamas-seafood-houston,1100,1100,1100,1100,1100,1100,,1900,1900,1900,1900,2000,1900,
tapesters-grill-houston-2,0700,0700,0700,0700,0700,0730,0830,2100,2100,2100,2100,2100,2100,1400
dot-coffee-shop-houston,0400,0400,0400,0400,0400,0400,0400,0359,0359,0359,0359,0359,0359,0359
angelas-oven-houston-3,,0700,0700,0700,0700,0800,,,1400,1400,1400,1400,1400,
on-the-kirb-houston-2,1100,1100,1100,1100,1100,1100,1100,0000,0000,0000,0000,0000,0000,0000
ibiza-food-and-wine-bar-houston-2,,1100,1100,1100,1100,1700,1700,,2200,2200,2200,2300,2300,2100
boca2-gastro-bar-and-bites-houston,1100,1100,1100,1100,1100,1600,1600,2200,2200,2200,2300,0000,2300,2200
benjys-houston-2,1700,1700,1700,1700,1700,1700,1000,2100,2200,2200,2200,2200,2200,2000
caliente-houston-4,0700,0700,0700,0700,0700,0800,0800,2100,2100,2100,2100,2100,2100,2100
kasra-persian-grill-houston-2,1100,1100,1100,1100,1100,1100,1200,2200,2200,2200,2200,2300,2300,2200
andes-cafe-houston,,1100,1100,1100,1100,0900,0900,,2200,2200,2200,2200,2300,2000
flying-saucer-draught-emporium-houston-2,1100,1100,1100,1100,1100,1200,1200,0100,0100,0100,0200,0200,0200,0000
inferno-pizza-houston-2,1030,1030,1030,1030,1030,1030,1100,2200,2200,2200,2200,0000,0000,2200
the-cajun-house-houston,1100,1100,1100,1100,1100,1100,1100,2100,2100,2100,2100,2200,2200,2200
leaf-and-grain-houston-2,1100,1100,1100,1100,1100,,,1500,1500,1500,1500,1500,,
briannas-restaurant-houston,1200,1200,1200,1200,1200,1200,,2030,2030,2030,2030,2030,2030,
paulies-houston,1100,1100,1100,1100,1100,1100,,2100,2100,2100,2100,2100,2100,
pappadeauxs-seafood-kitchen-houston,1100,1100,1100,1100,1100,1100,1100,2200,2200,2200,2200,2300,2300,2200
brasserie-du-parc-houston,1100,1100,1100,1100,1100,1100,1100,2200,2200,2200,2200,2300,2300,2100
pappas-bros-steakhouse-houston-4,1600,1600,1600,1600,1600,1600,,2200,2200,2200,2200,2300,2300,
broke-ass-pizza-houston-6,,1100,1100,1100,1100,1100,1300,,2200,2200,2200,2300,2300,2200
eastwoods-houston,,1100,1100,1100,1100,1100,1100,,2000,2000,2000,2200,2200,2000
louisiana-fish-house-houston-2,1100,1100,1100,1100,1100,1100,1100,2130,2130,2130,2130,2200,2200,2000
tayeb-mandi-and-mediterranean-grill-houston,0900,0900,0900,0900,0900,0900,,2100,2100,2100,2100,2100,2100,
hughies-houston-2,1100,1100,1100,1100,1100,1100,,2200,2200,2200,2200,0000,2300,
mi-recuerdo-colombian-and-mexican-restaurant-houston,,1100,1100,1100,1100,1100,1100,,1945,1945,1945,1945,1945,1545
casarez-houston,0800,0800,0800,0800,0800,0800,0800,2200,2200,2200,2200,2300,2300,2200
poke-bar-houston-9,1100,1100,1100,1100,1100,1100,1100,2100,2100,2100,2100,2100,2100,2100
ship-and-shield-houston-3,1500,1500,1500,1500,1500,1500,1500,0000,0000,0000,0200,0200,0200,0000
rays-real-pit-bbq-shack-houston-2,1100,1100,1100,1100,1100,1100,,2000,2000,2000,2000,2000,2000,
julep-houston,1600,1600,1600,1600,1500,1500,1600,0200,0200,0200,0200,0200,0200,0200
burger-chan-houston,0700,0700,0700,0700,0700,,,1400,1400,1400,1400,1400,,
little-matts-houston-2,1030,1030,1030,1030,1030,1030,1030,2000,2000,2000,2000,2000,2000,2000
piola-houston,1100,1100,1100,1100,1100,1200,1200,2300,2300,2300,2300,0000,0000,2300
fm-kitchen-and-bar-houston-2,1100,1100,1100,1100,1100,1100,1100,0000,0000,0000,0000,0000,0000,0000
fadis-meyerland-mediterranean-grill-houston,1100,1100,1100,1100,1100,1100,1100,2100,2100,2100,2100,2200,2200,2100
the-blue-fish-bayou-place-houston-2,1700,1700,1700,1700,1700,1200,1200,2230,2230,2230,2230,2330,2330,2230
the-district-houston-2,1030,1030,1030,1030,1030,1030,1030,2200,2200,2200,2200,2200,2200,2200
republic-diner-sojubang-houston-4,1100,1100,1100,1100,1100,1100,1100,2200,2200,2200,2200,2300,2300,2200
petrol-station-houston,1700,1400,1400,1400,1100,1100,1200,0000,0000,0000,0000,0000,0100,2200
italian-express-pizzeria-houston,1600,1600,1600,1600,1600,1200,1200,2200,2200,2200,2200,2200,2200,2100
helen-greek-food-and-wine-houston,,1100,1100,1100,1100,1100,1100,,2200,2200,2200,2300,2300,2100
golden-dumpling-house-houston,,1100,1100,1100,1100,1100,1100,,2100,2100,2100,2100,2100,2100
bibos-cafe-houston-2,1100,1100,1100,1100,1100,1100,,2100,2100,2100,2100,2100,2100,
jimees-bbq-houston,1100,1100,1100,1100,1100,,,1500,1500,1500,1500,1500,,
piggys-kitchen-and-bar-houston,,1100,1100,1100,1100,0900,0900,,2200,2200,2200,0000,0000,2100
dak-and-bop-houston,1700,1700,1700,1700,1130,1130,1130,2200,2200,2200,2200,2200,2200,1530
govindas-vegetarian-cuisine-houston,1700,1700,1700,1700,1700,1700,1700,2100,2100,2100,2100,2100,2100,2100
mala-sichuan-bistro-houston,1100,1100,1100,1100,1100,1100,1100,2200,2200,2200,2200,2200,2200,2200
argentina-cafe-houston,1000,1000,1000,1000,1000,1000,1100,2100,2100,2100,2100,2100,2100,2000
the-nickel-sandwich-grill-houston,1100,1100,1100,1100,1100,1100,,1900,1900,1900,1900,1900,1700,
oporto-café-houston-2,1100,1100,1100,1100,1100,1600,1600,2300,2300,2300,2300,2300,2300,2200
relish-restaurant-and-bar-houston,1100,1100,1100,1100,1100,1730,,2100,2100,2100,2100,2200,2200,
m-and-m-hamburger-houston,1030,1030,1030,1030,1030,1030,,2000,2000,2000,2000,2000,2000,
aladdin-mediterranean-cuisine-houston,1030,1030,1030,1030,1030,1100,1100,2200,2200,2200,2200,2200,2200,2100
the-burger-joint-houston-10,1100,1100,1100,1100,1100,1100,1100,0000,0000,0000,0000,0400,0400,0000
piada-italian-street-food-houston-2,1045,1045,1045,1045,1045,1045,1045,2200,2200,2200,2200,2200,2200,2200
hungrys-houston-2,1100,1100,1100,1100,1100,0900,0900,2200,2200,2200,2200,2200,2200,2200
sozo-sushi-and-lounge-houston,1100,1100,1100,1100,1100,1200,1200,2200,2200,2200,2200,2300,2300,2200
best-donuts-houston-3,0430,0430,0430,0430,0430,0430,0430,1300,1300,1330,1330,1330,1330,1330
house-of-hoopz-bbq-and-crawfish-houston-3,1830,1830,1700,1800,1100,1200,1100,2200,2200,2200,2300,0000,0000,2200
holy-smokes-bar-b-que-houston,,,1100,1100,1100,1100,,,,1500,1500,1800,1600,
888-chinese-restaurant-houston-2,1000,1000,1000,1000,1000,1100,1100,2300,2300,2300,2300,2300,0000,0000
boombox-taco-houston,,1800,2000,1800,2000,1800,,,0000,0000,0230,0300,0300,
lets-noodle-houston,1100,1100,1100,1100,1100,1100,1100,2200,2200,2200,2200,2200,2200,2200
lucilles-houston,,1100,1100,1100,1100,1600,1000,,2200,2200,2200,2200,2200,1500
burns-original-bbq-houston,,1030,1030,1030,1030,1030,,,1930,1930,1930,2000,2000,
café-rabelais-houston-2,1800,1800,1800,1800,1800,1800,,2100,2100,2100,2200,2200,2200,
akashi-asian-sushi-cuisine-and-wine-bar-houston-7,1100,1100,1100,1100,1100,1100,1100,2200,2200,2200,2200,2230,2230,2200
super-la-mexicana-houston,0600,0600,0600,0600,0600,0600,0600,2100,2100,2100,2100,2100,2100,2100
the-honeymoon-cafe-and-bar-houston,0700,0700,0700,0700,0700,1000,1000,2200,2200,2200,2300,0200,0200,2200
haabanero-houston,1100,1100,1100,1100,1100,1100,,2000,2000,2000,2000,2000,1400,
asia-market-thai-lao-food-houston-2,1100,1100,1100,1100,1100,1000,1100,2000,2000,2000,2000,2000,2000,2000
gyu-kaku-japanese-bbq-houston,1030,1030,1030,1030,1030,1030,1030,2230,2230,2230,2230,2330,2330,2230
arabella-mediterranean-cuisine-houston,1100,1100,1100,1100,1100,,,1400,1400,1400,1400,1400,,
federal-american-grill-houston-3,1100,1100,1100,1100,1100,1100,1600,2200,2200,2200,2200,2300,2300,2100
trulucks-houston,1100,1100,1100,1100,1100,1200,1600,2200,2200,2200,2200,2300,2300,2200
brennans-of-houston-houston,1730,1730,1730,1730,1730,1730,1730,2200,2200,2200,2200,2200,2200,2200
kukuri-houston,,1730,1730,1730,1730,1730,1730,,2230,2230,2330,2330,2330,2230
pappys-cafe-houston,1100,1100,1100,1100,1100,1100,1100,2200,2200,2200,2200,2200,2200,2100
brookstreet-bar-b-que-houston-2,1100,1100,1100,1100,1100,1100,1100,2100,2100,2100,2100,2200,2200,2000
polonia-restaurant-houston-3,,1100,1100,1100,1100,1100,1100,,2100,2100,2100,2100,2100,2000
saeeds-mediterranean-grill-houston-3,1100,1100,1100,1100,1100,1100,1200,2100,2100,2100,2100,2100,2100,1800
maclanes-cafe-houston,1100,1100,1100,1100,1100,1100,1100,2100,2100,2100,2100,2100,2100,2100
just-dinner-houston-2,,1800,1800,1800,1800,1800,,,2100,2100,2100,2130,2130,
le-pams-house-of-creole-houston,,1100,1100,1100,1100,1100,1100,,1900,1900,1900,2000,1800,1600
banh-mi-etc-houston,1100,1100,1100,1100,1100,1100,,2100,2100,2100,2100,2100,2100,
surya-india-houston,,1700,1700,1700,1700,1700,1130,,2145,2145,2145,2145,2145,1400
island-sizzler-jamaican-rum-bar-and-grill-houston,1100,1100,1100,1100,1100,1100,1100,2300,2300,2300,2300,0200,0200,2300
brenners-steakhouse-on-the-bayou-houston,1700,1700,1700,1700,1700,1700,1600,2130,2130,2130,2130,2230,2230,2100
noodles-and-company-houston-2,1030,1030,1030,1030,1030,1030,1030,1700,1700,1700,1700,2000,2000,1700
midtown-grill-houston,1100,1100,1100,1100,1100,1200,,1900,1900,1900,1900,1900,1800,
reggae-hut-houston,1100,1100,1100,1100,1100,1100,1100,2100,2100,2100,2100,2100,2100,1600
la-macro-houston-7,,1600,1600,1600,1600,1600,,,0000,0000,0000,0100,0100,
huynh-restaurant-houston,1100,1100,1100,1100,1100,1100,,2100,2100,2100,2100,2200,2200,
a-little-seoul-houston-2,1100,,1100,1100,1100,1100,1100,2100,,2100,2100,2100,2100,2100
house-of-pies-houston-4,0000,0000,0000,0000,0000,0000,0000,0000,0000,0000,0000,0000,0000,0000
shepherd-park-draught-house-houston,1100,1100,1100,1100,1100,1000,1000,0000,0000,0000,0000,0100,0100,0000
two-brothers-smokin-oak-kitchen-houston-2,,,1100,1100,1100,1100,,,,2000,2000,2000,2100,
treebeards-houston,1100,1100,1100,1100,1100,,,1430,1430,1430,1430,1430,,
mias-table-houston,1100,1100,1100,1100,1100,1100,1100,2100,2100,2100,2100,2100,2100,2100
double-apple-grill-houston-3,1100,1100,1100,1100,1100,1100,1100,0200,0200,0200,0200,0400,0400,0200
asahi-sushi-houston,,1100,1100,1100,1100,1100,1200,,2130,2130,2130,2200,2200,2130
hanz-diner-houston,0600,0600,0600,0600,0600,0700,0700,1500,1500,1500,1500,1500,1600,1600
pappas-burger-houston-3,0700,0700,0700,0700,0700,0700,0700,2100,2100,2100,2100,2100,2100,2100
pampa-grill-and-market-houston-2,,1100,1100,1100,1100,1200,1200,,1530,1530,2130,2130,2130,1730
dona-maria-houston,,0700,0700,0700,0700,0730,0730,,1300,1330,1330,1330,1330,1330
luna-pizzeria-houston,1100,1100,1100,1100,1100,1100,1100,2200,2200,2200,2200,2200,2200,2200
aroy-dee-thai-cuisine-houston,1100,1100,1100,1100,1100,,1200,2100,2100,2100,2100,2100,,2100
taste-of-the-caribbean-houston,,,1030,1030,1030,1030,1030,,,2000,2000,2000,2000,1600
the-barking-pig-houston,1100,1100,1100,1100,1100,1100,1100,0000,0000,0000,0000,0200,0200,0000
hops-meet-barley-houston,1100,1100,1100,1100,1100,1100,1100,0200,0200,0200,0200,0200,0200,0200
nee-hao-restaurant-houston,1100,1100,1100,1100,1100,1100,,2000,2000,2000,2000,2000,2000,
seasons-52-houston-2,1100,1100,1100,1100,1100,1100,1000,2200,2200,2200,2200,2300,2300,2100
masraffs-houston,1100,1100,1100,1100,1100,1800,,2130,2130,2130,2130,2200,2200,
pho-hai-houston,0800,0800,,0800,0800,0800,0800,2000,2000,,2000,2000,2000,2000
bcn-taste-and-tradition-houston,,1730,1730,1730,1700,1700,,,2200,2200,2200,2230,2230,
fajitas-a-go-go-houston,1100,1100,1100,1100,1100,1100,1100,2100,2100,2100,2100,2200,2200,2100
mia-bella-trattoria-houston-14,1100,1100,1100,1100,1100,1100,1000,2200,2200,2200,2200,2300,2300,2200
pappasitos-cantina-houston-2,1100,1100,1100,1100,1100,1100,1100,2200,2200,2200,2200,2300,2300,2200
fresh-off-the-bowl-houston,,1100,1100,1100,1100,1100,1200,,2100,2100,2100,2100,2100,2000
potente-houston,1700,1700,1700,1700,1700,1700,,2200,2200,2200,2200,2300,2300,
jonathans-the-rub-houston,1730,1730,1730,1730,1730,1700,,2130,2130,2130,2130,2130,2200,
bovine-and-barley-houston,1500,1500,1500,1500,1500,1100,1100,0000,0000,0000,0200,0200,0200,0000
calliopes-houston,1100,1100,1100,1100,1100,1100,,2100,2100,2100,2100,2200,2200,
the-branch-houston-2,1500,1500,1500,1500,1500,1100,1100,0000,0000,0000,0200,0200,0200,0000
carriage-house-café-houston-2,,1100,1100,1100,1100,1100,1100,,2100,2100,2100,2200,2200,1500
happy-fatz-houston,,0800,0800,0800,0800,0800,0800,,2100,2100,2100,2200,2200,2100
bonfire-wings-houston,1100,1100,1100,1100,1100,1100,1100,2200,2200,2200,2200,2300,2300,2200
franks-grill-houston,0500,0500,0500,0500,0500,0500,0700,1430,1430,1430,1430,1430,1430,1430
pappas-seafood-house-houston-5,1100,1100,1100,1100,1100,1100,1100,2200,2200,2200,2200,2300,2300,2200
hs-green-houston-4,1100,1100,1100,1100,1100,1100,,2100,2100,2100,2100,2100,2100,
zydeco-louisiana-diner-houston,1100,1700,1700,1700,1700,1700,,1400,2100,2100,2100,2100,2100,
the-pupusa-bar-houston,0900,0900,0900,0900,0900,0900,,1600,1600,1600,1600,1600,1400,
little-bigs-houston-6,1100,1100,1100,1100,1100,1100,1100,2200,2200,2200,2300,0000,0000,2200
mf-sushi-houston-2,1730,1730,1730,1730,1730,1730,1700,2230,2230,2230,2230,2300,2300,2200
the-union-kitchen-houston,1100,1100,1100,1100,1000,1000,1000,2200,2200,2200,2200,2200,2200,2100
korean-noodle-house-houston-4,1100,1100,,1100,1100,1100,1100,2100,2100,,2100,2100,2100,2000
best-soul-food-in-town-houston-2,,1200,1200,1200,1200,1200,1200,,1900,2100,2100,2100,2100,2000
el-greco-kitchen-and-grill-houston-3,1000,1000,1000,1000,1000,1000,,2030,2030,2030,2030,2030,1900,
the-crawfish-pot-and-oyster-bar-houston-7,1200,1200,1200,1200,1200,1200,1200,2200,2200,2200,2200,2300,2300,2200
hugos-houston,1100,1100,1100,1100,1100,1100,1000,2200,2200,2200,2200,2300,2300,2100
taqueria-del-sol-houston,0700,0700,0700,0700,0700,0700,0700,0000,0000,0000,0000,0300,1500,0000
sonora-tacos-and-hotdogs-houston,0700,0700,0700,0700,0700,0700,1000,2300,2300,2300,2300,2300,0000,2200
reef-houston,1100,1100,1100,1100,1100,1700,,2200,2200,2200,2200,2300,2300,
gusto-gourmet-houston,0900,0900,0900,0900,0900,0900,1000,1900,1900,1900,2100,2100,2100,1400
lucky-palace-korean-restaurant-houston,1700,,1700,1700,1100,1100,1100,2200,,2200,2200,2230,2230,2200
esthers-cajun-cafe-and-soul-food-houston,1100,1100,1100,1100,1100,1100,1100,2000,2000,2000,2000,2000,2000,1930
melange-creperie-houston,1100,1100,1100,1100,1100,1100,1100,0000,0000,0000,0000,0300,0300,2200
fusion-taco-houston-3,1100,1100,1100,1100,1100,1100,1100,2100,2200,2200,2200,2300,2300,2100
your-pie-houston,1100,1100,1100,1100,1100,1200,1200,2100,2100,2100,2100,2300,2300,2100
simply-viet-houston-2,0900,0900,0900,0900,0900,1000,,1900,1900,1900,1900,1900,1900,
rio-verdence-houston,0700,0700,0700,0700,0700,0700,0700,1600,1600,1600,1600,1600,1600,1600
bellagreen-houston-3,1100,1100,1100,1100,1100,1100,1100,2200,2200,2200,2200,2200,2200,2200
cafe-lili-houston-2,1100,1100,1100,1100,1100,1100,1100,2100,2100,2100,2100,2200,2200,1600
the-original-ninfas-on-navigation-houston-3,1100,1100,1100,1100,1100,1000,1000,2200,2200,2200,2200,2300,2300,2200
local-foods-houston-2,1000,1000,1000,1000,1000,1000,1000,2100,2100,2100,2100,2100,2100,2100
gorditas-aguascalientes-houston-2,0700,0700,0700,0700,0700,0700,0700,0300,0300,0300,0300,0400,0400,0400
treebeards-houston-3,1100,1100,1100,1100,1100,,,1430,1430,1430,1430,1430,,
satay-malaysian-restaurant-houston-3,1100,1100,1100,1100,1100,1100,1100,2200,2200,2200,2200,2200,2200,2200
afandim-uyghur-restaurant-houston-3,,1700,1700,1700,1700,1700,1700,,2100,2100,2100,2100,2100,2100
the-halal-guys-houston,1030,1030,1030,1030,1030,1100,1100,2300,2300,2300,0000,0400,0400,2300
pdq-houston,1030,1030,1030,1030,1030,1030,1030,2200,2200,2200,2200,2200,2200,2200
perry-and-sons-market-and-grille-houston-2,1100,1100,1100,1100,1100,1100,1100,2100,2100,2100,2100,2200,2200,2000
pho-le-houston-2,1000,1000,1000,1000,1000,1000,,2100,2100,2100,2100,2100,2100,
cane-rosso-houston,1700,1700,1700,1700,1700,1100,1100,2200,2200,2200,2200,2300,2300,2100
bombay-pizza-houston,1030,1030,1030,1030,1030,1200,1200,2200,2200,2200,2200,2300,2300,2100
bo-ne-by-e-t-houston-2,1000,1000,1000,1000,1000,1000,1000,1800,1800,1800,1800,1800,1800,1800
myung-dong-restaurant-houston-2,,1130,1130,1130,1130,1130,,,2100,2100,2100,2100,2100,
biskit-junkie-houston-2,0900,0900,0900,0900,0900,0900,0900,1400,1400,1400,1400,1400,1400,1400
houstons-restaurant-houston-3,1100,1100,1100,1100,1100,1130,1100,2130,2130,2130,2130,2200,2200,2130
pax-americana-houston,,1700,1700,1700,1700,1700,1700,,2200,2200,2200,2300,2300,2100
cafe-adel-houston-2,1000,1000,1000,1000,1000,1000,,1500,2000,2000,2000,2100,2100,
san-dong-noodle-house-houston,,1100,1100,1100,1100,1100,1100,,2100,2100,2100,2100,2100,2100
balls-out-burger-houston,1100,1100,1100,1100,1100,1100,1100,2200,2200,2200,2200,2300,2300,2200
afghan-express-houston,1130,1100,1100,1100,1100,1100,1100,2200,2200,2200,2200,2200,2200,2200
best-made-hamburgers-houston,1000,1000,1000,1000,1000,1000,1000,2000,2000,2000,2000,2000,2000,1700
hokkaido-japanese-restaurant-houston,,1700,1700,1700,1700,1700,1700,,2130,2130,2130,2130,2130,2130
kuen-noodle-house-houston-3,1100,1100,1100,1100,1100,1100,1100,2100,2100,2100,2100,2130,2130,2100
luna-y-sol-mexican-grill-houston,,1100,1100,1100,1100,0900,0900,,2100,2100,2100,2200,2200,1500
pappa-genos-steak-and-cheese-houston-2,1100,1100,1100,1100,1100,1100,,2200,2200,2200,2200,2200,2200,
los-cocos-restaurant-houston,0800,0800,0800,0800,0800,0700,0700,2100,2100,2100,2100,2100,2200,2000
les-baget-vietnamese-café-houston-3,,1100,1100,1100,1100,1100,1100,,2100,2100,2100,2100,2100,2100
captain-bennys-half-shell-oyster-bar-houston,1100,1100,1100,1100,1100,1100,1200,2200,2200,2200,2200,2300,2300,2200
wild-kitchen-houston,1100,1100,1100,1100,1100,1100,,2000,2000,2000,2000,2030,2030,
punta-cana-caribbean-restaurant-houston,,1130,1130,1130,1130,1130,1130,,2000,2000,2000,2100,2100,1900
good-dog-houston-3,,1100,1100,1100,1100,1100,1100,,2300,2300,2300,2300,2300,2300
pho-houston-houston,1000,1000,1000,1000,1000,1000,,1800,1800,1800,1800,1800,1800,
the-toasted-yolk-cafe-houston,0700,0700,0700,0700,0700,0700,0700,1500,1500,1500,1500,1500,1500,1500
baby-barnabys-café-houston-2,0700,0700,0700,0700,0700,0800,0800,1200,1200,1200,1200,1200,1400,1400
la-table-houston-3,1100,1100,1100,1100,1100,1100,1100,2200,2200,2200,2200,2300,2300,1500
istanbul-grill-houston,,1100,1100,1100,1100,1100,1100,,2200,2200,2200,2230,2230,2200
son-nam-restaurant-houston,1000,1000,1000,1000,1000,1000,1000,2200,2200,2200,2200,2200,2200,2200
la-fresca-pizza-houston-3,1100,1100,1100,1100,1100,1100,1100,2200,2200,2200,2200,2200,2200,2200
nosh-houston-2,0700,0700,0700,0700,0700,,,1530,1530,1530,1530,1430,,
tacos-el-gato-houston,1900,1900,1900,1900,1900,1900,,0200,0200,0200,0300,0400,0400,
liberty-kitchen-at-the-treehouse-houston-2,1100,1100,1100,1100,1100,1000,1000,2200,2200,2200,2200,2300,2300,2100
down-the-street-houston,1400,1400,1400,1400,1200,0900,0900,0000,0000,0000,0200,0200,0200,0000
pinkertons-barbecue-houston-2,,,1100,1100,1100,1100,1100,,,2100,2100,0000,0000,2100
pizzinis-italian-restaurant-houston,1100,1100,1100,1100,1100,,,2130,2130,2130,2130,2130,,
xiongs-café-houston-3,1100,1100,1100,1100,1100,1100,1100,2200,2200,2200,2200,2200,2200,2200
barnabys-cafe-houston-3,1000,1000,1000,1000,1000,1000,1000,2200,2200,2200,2200,2200,2200,2200
xin-jiang-bbq-houston,1700,,1700,1700,1700,1200,1200,0000,,0000,0000,0000,0000,2200
winbern-mess-hall-houston,,1100,1100,1100,1100,1100,,,2200,2200,2200,0000,0000,
taqueria-los-reyes-houston-3,0600,0600,0600,0600,0600,0600,0800,2200,2200,2200,2200,2200,2200,2200
dizzy-kaktus-houston,1000,1000,1000,1000,1000,1100,1100,2200,2200,2200,2200,0300,0300,2200
good-eats-houston-3,0600,0600,0600,0600,0600,0600,0600,2300,2300,2300,2300,2300,2300,2300
grindhouse-houston,0530,0530,0530,0530,0530,0530,,1330,1330,1330,1330,1330,1330,
joes-cafe-houston,1030,1030,1030,1030,1030,1030,1030,2200,2200,2200,2200,0000,0000,0000
boudreauxs-cajun-kitchen-houston-8,1100,1100,1100,1100,1100,1100,1100,2200,2200,2200,2200,2300,2300,2200
roka-akor-houston-houston-3,1630,1630,1630,1630,1630,1630,1630,2300,2300,2300,2300,2300,2300,2300
la-calle-tacos-houston,0700,0700,0700,0700,0700,0900,0900,2200,2200,2200,0300,0300,0300,2200
da-marco-houston,,1730,1730,1730,1730,1730,,,2200,2200,2200,2200,2200,
the-devine-affair-houston,,1100,1100,1100,1100,1700,,,2100,2100,2100,2130,2130,
sushi-miyagi-houston,,1200,1200,1200,1400,,,,1800,1800,1800,1800,,
shawarma-stop-houston-4,1000,1000,1000,1000,1000,1000,1800,0100,0100,0100,0100,0100,0100,0100
brother-in-laws-bar-b-que-houston,1100,1100,1100,1100,1100,1100,,2000,2000,2000,2000,2000,2000,
k-and-s-seafood-bar-and-grill-houston,1100,1100,1100,1100,1100,1100,,2000,2000,2000,2000,2000,2000,
jimmy-gs-houston-2,1100,1100,1100,1100,1100,1200,1200,2200,2200,2200,2200,2200,2200,2200
torchys-tacos-houston-10,0700,0700,0700,0700,0700,0800,0800,2200,2200,2200,2200,2300,2300,2300
atlas-pub-houston-2,1600,1600,1600,1600,1600,1100,1100,0200,0200,0200,0200,0200,0200,0200
avesta-persian-grill-houston-4,1100,1100,1100,1100,1100,1100,1130,2200,2200,2200,2200,2300,2300,2200
niko-nikos-greek-and-american-cafe-houston,1000,1000,1000,1000,1000,1000,1000,2200,2200,2200,2200,2300,2300,2100
down-house-houston,0900,0900,0900,0900,0900,0900,0900,2200,2200,2200,2200,2300,2300,2300
china-101-express-houston,1100,1100,1100,1100,1100,1100,1100,2200,2200,2200,2200,2200,2200,2200
alice-blue-houston,1600,1600,1500,1500,1500,1000,1000,2100,2200,2200,2200,2230,2230,2100
okome-don-houston-2,1100,1100,1100,1100,1100,1100,1100,2100,2100,2100,2100,2100,2100,2100
fainmous-bbq-houston,,,1100,1100,1100,1100,,,,2000,2000,2000,2000,
osaka-japanese-steakhouse-houston,1100,1100,1100,1100,1100,1130,1200,2200,2200,2200,2200,2300,2300,2200
pasha-houston-3,,1100,1100,1100,1100,1100,1100,,2200,2200,2200,2300,2300,2200
wokker-food-truck-houston-2,1700,1700,1700,1700,1700,0000,,2200,2200,2200,2200,0000,0000,
doux-cafe-houston,0700,0700,0700,0700,0700,0900,1000,2100,2100,2100,2100,2200,2200,2000
saldivias-south-american-grill-houston-2,1700,1700,1700,1700,1700,1700,,2100,2100,2100,2100,2200,2200,
el-burro-and-the-bull-houston,1100,1100,1100,1100,1100,1100,1100,0000,0000,0000,0200,0300,0300,0000
pi-pizza-houston,1100,1100,1100,1100,1100,1100,1100,2200,2200,2200,2200,2300,2300,2200
luna-pizzeria-houston-2,1100,1100,1100,1100,1100,1100,1100,2200,2200,2200,2200,2200,2200,2200
yia-yia-marys-hobby-airport-houston-3,0900,0900,0900,0900,0900,0900,0700,2100,2100,2100,2100,2100,2000,2100
hunan-bistro-houston-2,1000,1000,1000,1000,1000,1000,1000,2200,2200,2200,2200,2230,2230,2230
boil-house-houston,,,1500,1500,1500,1200,1200,,,1900,1900,1900,1800,1800
palomo-pit-bbq-houston,,,,1800,,1500,,,,,2300,,2200,
shake-shack-houston,1100,1100,1100,1100,1100,1100,1100,2200,2200,2200,2200,2300,2300,2200
bbs-cafe-houston-3,1100,1100,1100,1100,1100,1100,1100,0000,0000,0000,0000,0200,0200,0000
b-and-b-butchers-and-restaurant-houston-4,1100,1100,1100,1100,1100,1100,1100,2300,2300,2300,0000,0000,0000,2200
3-bros-kabab-house-houston,1100,1100,1100,1100,1400,1100,1100,2200,2200,2200,2200,2200,2200,2200
abu-omar-halal-houston-3,1100,1100,1100,1100,1100,1100,1100,0500,0500,0500,0500,0500,0500,0500
luchi-and-joeys-houston-4,0630,0630,0630,0630,0630,0630,,2030,2030,2030,2030,2030,2030,
the-boot-houston,,1100,1100,1100,1100,1100,1100,,0000,0000,0000,0000,0000,2200
chef-liu-restaurant-houston,1100,1100,1100,1100,1100,1100,1100,2100,2100,2100,2100,2130,2130,2130
pappas-seafood-house-houston-6,1100,1100,1100,1100,1100,1100,1100,2200,2200,2200,2200,2300,2300,2200
the-brisket-house-houston-2,1100,1100,1100,1100,1100,1100,1100,2100,2100,2100,2100,2100,2100,2100
franks-pizza-houston,1100,1100,1100,1100,1100,1100,1100,2200,2200,2200,0100,0300,0300,2200
hong-kongs-cafe-houston,1000,,1000,1000,1000,1000,1000,2100,,2100,2100,2100,2100,2100
tortoni-pasta-pizza-vino-houston-6,,1630,1630,1630,1630,1700,1200,,2100,2100,2100,2100,2100,2000
georges-pizza-and-italian-cuisine-houston,1030,1030,1030,1030,1030,1030,,2100,2100,2100,2100,2100,2100,
telwink-grill-houston,0600,0600,0600,0600,0600,0600,0700,1530,1530,1530,1530,1530,1500,1400
acai-brasil-houston-3,1000,1000,1000,1000,1000,1000,,1900,1900,1900,1900,1900,1900,
classic-burger-houston,1000,1000,1000,1000,1000,0900,1000,2100,2100,2100,2100,2100,2100,2100
pappasitos-cantina-houston-33,1100,1100,1100,1100,1100,1100,1100,2200,2200,2200,2200,2300,2300,2200
park-grill-houston,0700,0700,0700,0700,0700,,,1500,1500,1500,1500,1500,,
houstons-famous-deli-houston,1000,1000,1000,1000,1000,1000,,1500,1500,1500,1500,1500,1700,
el-tiempo-cantina-navigation-houston-2,1100,1100,1100,1100,1100,0900,0900,2200,2200,2200,2200,2200,2300,2200
pinks-pizza-houston-6,1100,1100,1100,1100,1100,1100,1100,2200,2200,2200,2200,2200,2200,2200
taco-palenque-houston-houston,0700,0700,0700,0700,0700,0700,0700,0200,0200,0200,0200,0300,0300,0200
hang-xanh-sandwiches-and-boba-tea-zone-houston,0800,0800,0800,0800,0800,0800,0800,1800,1800,1800,1800,1800,1800,1500
the-union-kitchen-houston-3,1100,1100,1100,1100,1100,1000,1000,2200,2200,2200,2200,2300,2300,2100
pho-binh-59-south-houston,1000,1000,1000,1000,1000,1000,1000,2000,2000,2000,2000,2000,2000,1600
the-pass-houston-6,,1800,1800,1800,1800,1800,,,0000,0000,0000,0000,0000,
los-meros-tacos-y-su-trompo-tribalero-houston,1400,1400,1400,1000,1000,1000,1000,0000,0000,0000,0100,0100,0100,0100
cool-runnings-jamaican-grill-houston,0800,0800,0800,0800,0800,0800,1100,2200,2200,2200,2200,0000,0230,2300
jonjons-hot-dog-houston-2,,,,2000,2000,2000,,,,,0230,0300,0300,
ramen-fun-houston-2,1700,1700,1700,1700,1700,1700,1700,2200,2200,2200,2200,2200,2200,2200
la-original-lupitas-restaurant-houston,,0700,0700,0700,0700,0700,0700,,1900,1900,1900,1900,1900,1900
the-flat-houston,1600,1600,1600,1600,1600,1600,1600,0200,0200,0200,0200,0200,0200,0200
chicken-plus-houston-2,1100,1100,1100,1100,1100,1100,1200,2100,2100,2100,2100,2300,2200,1800
bistecca-houston,1700,1700,1700,1700,1700,1700,,2200,2200,2200,2200,2300,2300,
ko-bob-houston-2,1100,1100,1100,1100,1100,1100,,2000,2000,2000,2000,2000,2000,
tacos-tec-lo-mejor-de-monterrey-houston,0800,0800,0800,0800,0800,0800,0800,0000,0000,0000,0300,0300,0300,0000
new-york-coffee-shop-houston,0600,0600,0600,0600,0600,0600,0600,1500,1530,1530,1530,1530,1530,1530
tiger-den-houston,,1700,1700,1700,1700,1700,1700,,2300,2300,2300,0000,0000,2300
kenny-and-ziggys-new-york-delicatessen-houston,0700,0700,0700,0700,0900,0800,0800,2100,2100,2100,2100,2200,2200,2100
hubcap-grill-houston,1100,1100,1100,1100,1100,1100,,1500,1500,1500,1500,1500,1500,
dögarz-döner-houston-2,1000,1000,1000,1000,1000,1000,1000,2100,2100,2100,2100,2200,2200,2100
jarro-cafe-houston-5,0800,0800,0800,0800,0800,0800,,2000,2000,2000,2000,2000,2000,
pappas-bros-steakhouse-houston,1600,1600,1600,1600,1600,1600,,2200,2200,2200,2200,2300,2300,
empire-cafe-houston,0730,0730,0730,0730,0730,0730,0730,2200,2200,2200,2200,2300,2300,2200
cues-burgers-and-more-houston,0500,0500,0500,0500,0500,0500,0600,1400,1400,2000,2000,2000,2000,1400
the-caddy-shack-houston,,1100,1100,1100,1100,1100,1100,,2230,2230,2230,0100,0100,2230
saltgrass-steak-house-houston-7,1100,1100,1100,1100,1100,1100,1100,2130,2130,2130,2130,2230,2230,2130
punks-simple-southern-food-houston,,1100,1100,1100,1100,1100,1000,,2200,2200,2200,2300,2300,2100
treebeards-houston-4,1100,1100,1100,1100,1100,,,1400,1400,1400,1400,1400,,
pappa-charlies-barbeque-houston,,1130,1130,1130,1130,1130,1130,,2000,2000,2000,2000,2000,1800
goode-company-seafood-houston-2,1100,1100,1100,1100,1100,1100,1100,2200,2200,2200,2200,2230,2230,2100
hughies-heights-houston,1100,1100,1100,1100,1100,1100,,2200,2200,2200,2200,0000,2300,
songkran-thai-kitchen-houston,1100,1100,1100,1100,1100,1100,1100,2200,2200,2200,2200,2300,2300,2000
beer-market-midtown-houston-3,1100,1100,1100,1100,1100,1030,1030,0200,0200,0200,0200,0200,0200,0200
